rack_id,inlet_temp,outlet_temp,airflow,fan_speed,load_kw,delta_temp,cooling_efficiency,airflow_per_kw,fan_speed_per_kw,thermal_risk_flag
R39,19.604387146892087,30.33159919948806,842.4592979738029,0.5917173949330818,10.168886881742097,10.727212052595974,1.0549052396144096,82.8467567562789,0.05818900355706494,0
R23,20.83824373195297,22.93362171619822,1195.1850566229325,0.9330880728874676,3.5227525095137957,2.09537798424525,0.5948127149399008,339.27590808469535,0.2648747166789332,0
R21,22.044443653223965,32.375358395644774,649.2166374514453,0.8058265802441404,8.557333586649449,10.33091474242081,1.2072586206687532,75.86669736286868,0.09416795221134472,0
R42,22.444157803129485,24.87128750173407,973.2756946575586,0.9868777594207296,3.419990968922539,2.4271296986045847,0.7096889204269585,284.5842879416103,0.2885615103631819,0
R44,19.698012845155397,29.041152663452426,666.5531531228087,0.7962072844310213,7.628109945722504,9.343139818297029,1.2248302508455893,87.38116753240837,0.10437805565158352,0
R39,21.719563005285984,23.75774724891535,1214.4884485364205,0.9711008778424264,3.119384650438799,2.0381842436293667,0.6533930476777394,389.33590583821723,0.31131168056040254,0
R02,20.932702392315026,32.26487541983511,646.3624647931555,0.7200762468698007,9.158097238609413,11.332173027520081,1.2373938310837138,70.57824872924157,0.07862727683585272,0
R14,19.244121392355037,25.3507004440946,830.1006425552308,0.5911180438940311,6.519545468159167,6.106579051739562,0.9366571767255104,127.32492573437251,0.0906685974936435,0
R04,23.47693315999082,26.23042289669778,1398.5097284529402,0.9847923138822792,4.663690099729744,2.7534897367069604,0.5904100996904837,299.87192513798936,0.21116161083244936,0
R08,22.946386498920045,28.730248384340296,1193.0470417738757,0.7604171300129119,8.133995769648594,5.783861885420251,0.7110726448865765,146.6741655098522,0.09348629524130715,0
R47,19.738895390636863,31.84197428973339,695.1648629179903,0.6783766633467947,10.458637582367365,12.103078899096527,1.1572328425933405,66.4680133949757,0.06486281391856402,0
R15,18.87386641082697,24.684160049727637,578.2633460858848,0.5078182033705969,4.487402451567022,5.810293638900667,1.2948011018872811,128.86371399203395,0.1131652908005308,0
R11,23.396880518421924,26.61044595818276,1225.4410021182173,0.855670976374325,4.789581636799246,3.213565439760835,0.6709490898057596,255.85554126542624,0.17865255073638286,0
R41,21.50850462514592,29.502914373400323,1072.615865503643,0.9250192888948996,11.234637079894028,7.994409748254402,0.7115859365463196,95.47401112077226,0.08233637475930151,0
R24,17.91115395636017,27.31300785431321,811.3847876511664,0.7956488938538635,8.993301209557469,9.401853897953039,1.0454285560858774,90.22101770469801,0.08847128271521719,0
R47,21.928347921780095,29.563307866942964,1099.6294184907435,0.8803925243084487,9.419203085006956,7.634959945162869,0.8105738751206925,116.74336019371765,0.09346783548066992,0
R09,22.300978156221188,33.99696927678802,639.5782831928382,0.5554454104059157,9.395966007172088,11.695991120566834,1.2447885732706037,68.06945477502133,0.05911530650301794,0
R49,20.93116709265299,24.23493536559916,1151.0795496053204,0.7542853455823514,5.82920382968694,3.3037682729461686,0.5667614942748707,197.46771312801042,0.12939766177688464,0
R43,23.409962622665443,26.69859511067987,1242.5445921636417,0.9714267852789904,4.827551022612925,3.2886324880144286,0.6812216945217179,257.3861128227105,0.20122558637468385,0
R42,20.940479592465923,27.918464286730725,1222.7403032695331,0.8167018782552118,10.273083416079754,6.977984694264801,0.6792492975714224,119.0236907212942,0.07949919660701715,0
R30,23.448166503051755,38.05687842684964,594.4126383751312,0.662172510502637,10.949522330269817,14.608711923797888,1.3341871438000803,54.28662734737615,0.060475013478174244,0
R01,16.68964790487306,20.756344482608267,1037.801212914212,0.7135538943131281,5.051416462877475,4.0666965777352075,0.8050606414301992,205.44756516136505,0.14125817967237278,0
R37,21.033754642497414,32.439938902893545,631.7233130939405,0.6347061668992607,9.231924296012432,11.406184260396131,1.2355153589509862,68.4281296984641,0.06875123176361086,0
R24,18.16245756940192,25.087045440097267,1075.51216697576,0.681814801189647,9.3271706300566,6.924587870695348,0.7424103348534247,115.30958418514892,0.07309985291708013,0
R49,21.11646795354797,30.64304321073432,1001.5753194325542,0.6333905071376424,11.979664365440478,9.526575257186348,0.7952288951157162,83.60629220313949,0.05287214130680309,0
R32,22.67964192837329,38.42375981155065,567.6672209057272,0.6197809453334862,11.174392973699884,15.744117883177363,1.4089461432252124,50.8007210988366,0.055464394960174225,0
R32,23.455666228331733,34.40564982422511,592.158229904158,0.5404266631663577,8.334270514914543,10.949983595893375,1.3138502735539839,71.05099706620572,0.06484390711811434,0
R05,20.01892734973862,26.66417659011439,1003.493430188218,0.8167648553804474,8.690752475342215,6.645249240375769,0.7646345076827308,115.46680601425177,0.09398091335563963,0
R29,23.775023228832534,37.33524187011548,647.1957934049661,0.6629794526009424,10.72522924332348,13.560218641282948,1.26432902585502,60.34330630348526,0.06181494470280448,0
R20,23.24109643192347,32.030243549770674,794.3122052660683,0.5871832145024958,8.806555113685048,8.789147117847204,0.9980232911038286,90.19556398752762,0.06667569860433117,0
R01,25.74463823464144,34.599840080803645,839.2002262482584,0.8676080596203861,9.081211053353528,8.855201846162206,0.9751124375522734,92.41060705646268,0.0955388058402182,0
R07,18.785033530877545,25.20388715273488,1130.4581762437963,0.908611100100608,8.939856414307611,6.418853621857334,0.7180041070440919,126.45149137234212,0.10163598362121788,0
R48,20.797205508856543,28.34252130032598,1173.479955645901,0.7791467268035488,11.688774161599143,7.545315791469438,0.6455181430622458,100.39375724283452,0.06665769361540591,0
R19,23.23528169102229,29.16983483909602,1432.0044067562303,0.9485551299762884,9.533601109832157,5.934553148073729,0.6224880902509471,150.20603340319965,0.09949599516997079,0
R11,18.300394125671534,26.550358464466864,1191.8850309492102,0.8926703255569718,11.420714947988529,8.24996433879533,0.7223684661045107,104.36168281733805,0.07816238559690111,0
R25,25.731549022289517,41.34798412133978,466.6734314796456,0.5025307919231093,8.971515921972502,15.61643509905026,1.740668492913602,52.01723271054971,0.05601403333547465,0
R16,19.33985186897043,39.290976046032405,478.8722116816646,0.5879626263386727,11.950117163497389,19.951124177061974,1.6695337714348373,40.07259553441192,0.04920141102337077,0
R08,21.50922376799426,29.32039376006232,1039.859423997769,0.8288064461501716,10.6430106944476,7.811169992068059,0.7339248466736112,97.70350268841297,0.07787330765180527,0
R22,22.55338159866004,26.747744073224958,1099.438605827654,0.9865052773762228,5.195906790411752,4.194362474564919,0.8072435945742851,211.59706095122783,0.18986200429858882,0
R34,21.25376162069928,25.986046675331504,1098.2210326101858,0.8225516810152824,6.150705669252082,4.732285054632225,0.7693889626826617,178.55203803691816,0.1337328959061219,0
R48,21.75173522223668,28.68020313379173,674.1934180073334,0.5121579832157269,5.526951261967702,6.92846791155505,1.2535786156160857,121.98287736796641,0.09266555085079377,0
R31,24.091142336692634,33.652793143189186,959.4504146496762,0.92650472773368,11.672579793803276,9.561650806496552,0.819154889099377,82.19694631336151,0.07937446083902905,0
R03,23.26014987720201,27.14435394204586,1205.6832786913062,0.7784006312291751,4.525434720174832,3.88420406484385,0.8583051806111989,266.42374782609323,0.17200571422652253,0
R24,20.28951896224038,24.07484901253962,908.1975040867792,0.8355717584120252,4.880268458538241,3.7853300502992404,0.7756397178677008,186.09580841763906,0.1712143021456445,0
R26,19.244661264085817,25.467643148583477,1155.6569157280137,0.848507870497634,9.66691755978784,6.22298188449766,0.6437400387465635,119.54761262631237,0.08777439812119968,0
R26,23.03009537261209,30.71825507287277,1428.8633897852358,0.9335361592900518,10.291020552112627,7.688159700260677,0.7470745647944884,138.84564534193908,0.09071366193107133,0
R45,22.13670250220766,28.28075327074217,598.3491811068441,0.5354704584999639,4.7484655816083805,6.1440507685345125,1.2939023486516301,126.00895401334544,0.11276705059713027,0
R32,18.423006990039006,29.4093476902472,607.3099773504559,0.517971136898371,8.204521268965566,10.986340700208192,1.3390593235177706,74.02137887650649,0.06313240223505172,0
R22,18.016924426937173,25.988781574113347,541.5509939306331,0.5194173672147115,5.252262244642776,7.971857147176173,1.5177949568887845,103.10814058894461,0.09889402756774168,0
R08,26.778071914784924,37.76487301601461,789.257746330039,0.6079105137484215,9.929941977887498,10.986801101229688,1.1064315507276534,79.48261410666834,0.06121994620936836,0
R40,24.096039487989906,30.14682078036049,1198.394078512273,0.9879260397312672,9.534822003503956,6.0507812923705835,0.6345982431708719,125.68604616550519,0.1036124260492974,0
R19,20.45636184448649,33.85848603269944,442.3184209401746,0.5392281906711329,6.950742786350725,13.402124188212948,1.9281571193413882,63.63613710591647,0.07757849876563166,0
R01,22.542123497484525,33.95994498370855,542.4681110250818,0.6198936795787016,6.98117006757994,11.417821486224028,1.6355168797917676,77.70446870278455,0.088795097895902,0
R05,24.533822298373245,33.78376738940876,708.5115962355726,0.709800031213895,8.505486716109171,9.249945091035514,1.0875268400003915,83.30053527609067,0.08345201808022958,0
R29,22.887638856292455,30.705848592513625,435.4420307415109,0.5230013210108764,4.044653764562247,7.818209736221171,1.9329737948700132,107.6586664986487,0.1293068211655642,0
R12,21.037503732352988,21.97064835793173,1274.4984236781706,0.8816822115019555,3.154449916485752,0.9331446255787412,0.29581849459772713,404.0319096579727,0.27950426693862457,0
R37,21.743175706920585,26.496246036095137,1056.8264944316156,0.8079250490261083,6.586542609576361,4.753070329174552,0.7216335809114677,160.45238861661136,0.12266299588671045,0
R19,21.595084948336897,26.51502715031144,1231.7391506977349,0.9282449205941612,7.528226327220789,4.919942201974543,0.6535327164892567,163.61611582318866,0.12330194128699147,0
R32,20.76973264445734,32.30727219019007,874.8103492968959,0.7877370889379395,11.462072172824618,11.53753954573273,1.0065840950720095,76.3221811995723,0.06872553907011529,0
R43,21.02713446789528,29.5720277029638,1087.364565498526,0.6930513189003871,11.473183278988726,8.544893235068521,0.7447709173021847,94.77444394092943,0.06040619260128077,0
R08,21.943157084801868,26.82353023515651,901.7650403887308,0.8408068344863948,6.468569588690086,4.880373150354643,0.754474862400443,139.40717928820214,0.12998342569530305,0
R50,20.740598285469773,26.496157375575063,1303.0189304891867,0.9387360067635264,8.660485621018957,5.75555909010529,0.6645769466017675,150.45564273287007,0.10839299871189886,0
R10,20.769509568461014,26.47191061866197,988.7478647809374,0.7842601418749792,6.811238480773067,5.702401050200955,0.8372047266143792,145.16418233952598,0.11514207645038536,0
R49,21.56463759354556,29.83022412556197,1035.5065030154833,0.6704017701265089,9.98771664667797,8.26558653201641,0.8275751930513207,103.67800165415233,0.067122626105887,0
R13,21.348053718037026,34.29912706788353,682.3814860299021,0.6191180762019897,9.659178844026371,12.951073349846506,1.3408047991425251,70.6459106978762,0.06409634671842497,0
R25,21.457919075422915,25.61765107029619,1053.305620442609,0.9477616142481002,5.880446409275506,4.159731994873276,0.7073837095619023,179.12001013752635,0.16117171185390808,0
R14,24.247083563383036,33.532978554106165,885.3767264002748,0.7412604748213212,9.09092913981873,9.28589499072313,1.0214461963024701,97.39122511936431,0.08153847240702414,0
R21,21.97550645430617,27.62209582741957,1282.4969443609184,0.8957895218629243,9.77137076493912,5.6465893731134,0.5778707521133123,131.25046374892204,0.0916749086092534,0
R39,25.627333151757814,38.87523192667611,733.6342956258144,0.527935577338675,11.963381178272964,13.247898774918294,1.1073707823485703,61.32332362344087,0.044129295010466925,0
R47,21.13339318619488,24.243136594462605,1140.2033291875407,0.8807553158587361,4.286925138475523,3.1097434082677253,0.7254018458026034,265.97229770917096,0.20545152700565755,0
R50,22.891013802562767,34.8700873806576,694.074832726167,0.5733024108460127,11.02707217899099,11.979073578094834,1.0863331067078366,62.942803081359436,0.05199044692373381,0
R45,20.563111557495127,24.046093757911112,1411.9885513696986,0.9063997836287512,6.335779323602019,3.482982200415986,0.5497322464248707,222.85949040392944,0.14306050405705176,0
R44,21.96196758419462,27.372618772972636,1086.0287490705637,0.7121110046234882,8.025638247622245,5.410651188778015,0.6741708287663013,135.3199229223073,0.08872951691218642,0
R13,23.295116218027427,28.42210435288057,1094.357384003254,0.7857365126025053,6.646818781032755,5.126988134853143,0.771344654300404,164.64378224453677,0.11821241686995729,0
R39,19.108780055055835,24.940265301073204,1242.7370899942723,0.7916843825485798,9.71440391338881,5.831485246017369,0.6002926477022604,127.92726152568954,0.08149593012675191,0
R33,22.13930532903776,27.675999055562496,794.8337912426877,0.9816112697203055,5.012362546675074,5.536693726524735,1.1046075927204178,158.57468086979,0.19583804255569115,0
R11,20.5963731149448,30.72512644362985,849.7333871808905,0.6264950839946206,11.272041437507935,10.12875332868505,0.8985731098345174,75.38416105829653,0.055579558278587064,0
R01,26.379605866435345,31.717774976069727,1204.8127380992485,0.7921571559615501,8.648022720756572,5.338169109634382,0.6172704769637067,139.31655558761594,0.09159980050240298,0
R08,20.48618781897681,24.00891911766081,914.507005492083,0.8234241808343619,4.52711913506009,3.5227312986840005,0.7781397382283031,202.00639263272765,0.18188701385333264,0
R37,18.17458696587156,25.334703131468125,1349.1628168999666,0.9931053722398014,11.769553268995498,7.160116165596566,0.6083592131282026,114.6316080198271,0.08437919006288337,0
R20,25.36936992921124,36.20378138565619,576.0921181150356,0.6354788212575649,8.425036938209686,10.834411456444954,1.2859779174745385,68.37858662699878,0.0754274225642272,0
R25,24.358880241442574,27.875302796973845,1442.637932398326,0.9663642416770066,6.76418732661557,3.516422555531271,0.5198588368028975,213.27586933050586,0.1428647958749721,0
R32,24.307063744015736,33.973431677518505,963.4850506139323,0.6883694849689703,11.86757445598954,9.66636793350277,0.8145192574396846,81.18634976228553,0.0580042271924868,0
R49,21.782742671822287,31.904455937007413,831.1742901711411,0.7343465798974851,10.54495834240024,10.121713265185125,0.9598628023485604,78.82196052203174,0.06963959041400379,0
R06,22.33285907160632,29.60854448619022,1073.9876160333067,0.7671731375147315,9.22542957452021,7.275685414583901,0.788655461061529,116.41600072473179,0.08315852734203222,0
R37,20.686942097062364,31.77525226445349,684.0117671692922,0.6889252746378932,9.813730818382105,11.088310167391125,1.1298771458680734,69.69946290844551,0.07020013972132462,0
R45,18.93177165852876,27.804191983166568,821.5692075401884,0.6143214027517314,8.45557171005792,8.872420324637808,1.0492986907182213,97.16305836102484,0.0726528523223326,0
R08,20.964175488388733,24.30410586367994,884.6429896334308,0.7490825933229465,3.1996626782727144,3.339930375291207,1.0438382764442575,276.4800788659981,0.23411298897523986,0
R01,19.95923350547569,25.2642473538529,1171.7359471232369,0.7804689857676932,7.9671615489703695,5.305013848377211,0.6658599572469822,147.0706900972361,0.09796073306290075,0
R47,22.40622709589301,27.069072366118466,1170.2864747714432,0.8923341319721547,6.784822007985676,4.662845270225457,0.6872465135765284,172.48595075803408,0.13151916600345379,0
R50,21.461186331110884,30.123753157624225,800.5263600670955,0.6961220225498661,8.309259181691697,8.662566826513341,1.0425197526152643,96.34148394732284,0.08377666496234401,0
R38,25.81181447385399,31.61836351367776,991.8857010811844,0.9552356392016366,7.05819402674494,5.806549039823771,0.8226678124491293,140.52967335875533,0.1353371181894481,0
R29,21.437229786897827,23.61296902676982,1149.877114219552,0.9632938125807472,4.323661328361341,2.1757392398719944,0.5032168513292402,265.949857514708,0.22279585273295066,0
R34,18.36139910094014,29.360386389509305,651.6796160789569,0.6737067041127072,8.587251159798821,10.998987288569165,1.2808507733022734,75.88919945998461,0.07845429131811844,0
R47,22.73319649219369,28.66608955207403,519.7596161203174,0.5640229194788862,4.159917497195843,5.932893059880339,1.426204501382453,124.94469336728,0.13558512154606148,0
R40,22.93555909241542,29.94903108450329,1058.360586464192,0.7058306071787641,9.26851319604371,7.013471992087869,0.7566987114051462,114.18882015682473,0.07615359575471607,0
R19,22.101685138272316,33.32793359976779,725.0636777281235,0.6725413139111933,10.396115731600045,11.226248461495473,1.0798502778660068,69.74370971306323,0.06469159552225222,0
R05,25.929450265832777,34.632416905256754,658.3058937548316,0.6031668592028963,7.147008912294532,8.702966639423977,1.2177075397867256,92.10928681261205,0.08439430629018914,0
R09,19.547893991603797,22.63339713642552,999.9418239541868,0.7405726970281465,3.830615276058715,3.085503144821722,0.8054849997873887,261.0394810995005,0.19332995972127878,0
R48,20.527175655484708,23.8951957762834,922.5192168890534,0.6384388240736019,3.5497016386937736,3.3680201207986933,0.9488178060052574,259.8864104050514,0.17985703843789413,0
R15,22.3841807612653,29.766586679215305,951.335931536397,0.9620208795537166,7.829315813885993,7.382405917950006,0.9429183971422699,121.50945933859477,0.12287419519435995,0
R02,23.153113926111534,38.29238920501731,519.3521371524291,0.518341601445299,9.72723844320381,15.139275278905775,1.5563795796003363,53.391529382657225,0.05328764216810702,0
R46,19.66046313234982,28.9618669025107,769.645216465795,0.5152360763667971,9.746546088077286,9.301403770160881,0.9543281985337414,78.96594439821952,0.052863452520588085,0
R25,18.87898817123466,29.405678003816416,739.6202859172155,0.5911419392379791,9.636646854844372,10.526689832581756,1.092360235997437,76.75079278695432,0.061343115312024764,0
R13,20.252051761029808,25.80418031731278,1201.6806304368802,0.8395511595722448,8.342332081986438,5.552128556282973,0.6655367470052721,144.0461274649644,0.10063746579749373,0
R47,17.984863957274452,26.31283857177808,988.5653211996452,0.7788711329752187,9.631402278554216,8.327974614503628,0.8646689623843385,102.63981221102523,0.08086788511673881,0
R37,19.20286485236172,24.332969216027436,1034.148437585674,0.8229586206658006,6.267740667587716,5.1301043636657155,0.8184933990959384,164.99540941978535,0.13130068142760845,0
R22,23.59496840895663,28.617867591190663,812.5565031648448,0.6826784098370289,5.027995179412754,5.022899182234035,0.9989864753252778,161.60646026310383,0.13577547023757539,0
R15,23.056633219260757,37.21960160312905,589.1451225319171,0.6289514135224699,10.353648638543518,14.162968383868293,1.3679205155894343,56.9021745956017,0.060746837707151176,0
R15,20.180614099703096,26.257315517366106,1085.9547317421154,0.738309742063206,7.815330588404195,6.07670141766301,0.7775360682348059,138.9518612755005,0.0944694192666213,0
R20,23.27718491755475,28.2180327483822,718.2314135907803,0.5574184123696018,5.181687591735722,4.940847830827451,0.9535209800582369,138.60955545376535,0.10757468537057867,0
R11,20.50406002034702,30.25499577641209,841.9797072019443,0.6603210960797572,11.388129080312408,9.750935756065072,0.8562368486780074,73.9348580670326,0.05798328166312308,0
R05,20.796062642207232,23.889824965963747,1052.5726258590548,0.9949801161949726,3.570374734254909,3.093762323756515,0.866509135322498,294.8073253377178,0.27867666288609116,0
R37,24.57681268035698,28.485974379418412,658.0315594164805,0.5583480320708407,3.024398094728967,3.909161699061432,1.2925420452666148,217.5743863095676,0.1846145958906502,0
R31,22.742291746742616,28.759497686916237,1438.886559796513,0.9153097038938646,11.365762298230432,6.017205940173621,0.5294150785742243,126.59833296184078,0.08053218780022979,0
R09,23.15860687374444,27.05421592155464,1062.8056450007866,0.6896142924819002,4.845016290479135,3.8956090478102006,0.8040445716282524,219.36059267525874,0.14233477271006298,0
R37,23.086966305927557,30.71193897742608,541.9219259350725,0.5818279714328523,4.814645880429701,7.624972671498522,1.5837037366532143,112.55696460207925,0.1208454340947137,0
R26,20.99842723516481,32.639014323091416,836.2095273280642,0.6580982911482474,11.170795174162643,11.640587087926605,1.0420553690618695,74.85675945989637,0.05891239440773097,0
R40,22.036836758379103,29.59163314344546,761.3996440230301,0.7313398928348032,6.392499864824169,7.554796385066357,1.181821907676201,119.10827690631059,0.114405930121192,0
R25,17.421877486134004,23.953844504482408,852.6209113457819,0.695741055100751,6.198262066365563,6.5319670183484035,1.0538384709148823,137.55806098817115,0.11224776359104616,0
R03,23.01875623267221,35.01703157991186,608.3282745681486,0.6674528073285431,8.64937247764276,11.998275347239648,1.3871844897711672,70.33207046413824,0.07716777246601432,0
R30,19.81721912541306,30.13266345093853,823.9529912509382,0.8942986056122654,11.04503324745862,10.315444325525469,0.9339441624495767,74.59941249525198,0.08096839417102134,0
R33,21.30494653245409,24.106181696500432,1106.7462843024668,0.7849448424356582,3.3017919126220145,2.801235164046343,0.8483984570129466,335.19564939014555,0.23773298354599182,0
R38,22.110311752837223,31.15663870462862,803.5773293466934,0.6894107827784579,7.828332163361352,9.046326951791396,1.1555880311429017,102.64987644592371,0.08806611272897709,0
R08,23.73921184021132,28.525759798498576,846.8325490560707,0.6146256976163207,4.349256846138964,4.786547958287258,1.1005438693593133,194.7074130165118,0.14131740648105257,0
R36,18.442559502191443,28.551612457378788,673.8163912972252,0.6258995294534764,7.884519990128366,10.109052955187344,1.2821393018020317,85.46067384455385,0.0793833397895014,0
R47,23.735698073326365,26.88932430186045,1235.018620307993,0.8074751315763272,5.591366548281535,3.153626228534087,0.564017079063316,220.87956667544302,0.14441463005577745,0
R43,22.43372207396588,31.23254805628037,1062.1938021654778,0.7825665917946045,11.38906454235251,8.79882598231449,0.7725679268560028,93.26435882556447,0.06871210439491975,0
R42,21.34145258588837,34.639481635869984,587.6654284649223,0.687217684860211,9.941220016677642,13.298029049981615,1.337665701762209,59.11401492764872,0.06912810336229529,0
R26,22.111449824577388,32.42578788667884,864.119672748794,0.5623313406016335,10.550082778013408,10.314338062101452,0.9776547046243795,81.90643532671017,0.05330113065781282,0
R40,23.232431633936123,29.959258097233604,962.3413936777832,0.6896528491927745,8.471049544148329,6.726826463297481,0.7940959887248292,113.60356100650526,0.0814129164985437,0
R26,21.540240857107225,27.438293490532207,859.8153606768706,0.6990843467954717,6.001492545220298,5.898052633424982,0.9827643022105063,143.26692138635477,0.11648508125736749,0
R18,22.94337621039568,26.991768404158464,1217.8874133583292,0.9592273624696506,7.327532802801662,4.048392193762783,0.5524904906894298,166.20702303682262,0.13090727647140557,0
R06,20.18619301171649,22.656549305327086,934.028940705492,0.6557365855663787,3.3049124422193548,2.470356293610596,0.7474801032706551,282.6183619189202,0.1984126953529911,0
R50,21.46222261889034,28.676072643194797,924.0845470158798,0.5890179834348757,8.971836348150395,7.213850024304456,0.8040550166512611,102.99837303724182,0.0656518867016902,0
R28,20.258270704707343,29.60691904667031,615.7292421340511,0.592231435709428,7.815627470402927,9.348648341962967,1.1961481502752596,78.78180535929609,0.07577528969390555,0
R19,24.17221105353931,29.12570889906076,954.3365858565206,0.7341159142206897,6.144482991443997,4.953497845521451,0.8061699987483151,155.3160106693118,0.11947561987606173,0
R19,16.698060383213978,20.02744513499153,1032.1417844518537,0.8877638083475052,3.5913777548551717,3.329384751777553,0.9270494442631575,287.3943803479054,0.24719310218685303,0
R50,20.86456193044862,28.42972442738929,778.8621129749088,0.8826781405331203,7.473107539391241,7.565162496940669,1.0123181631020564,104.22198648547146,0.11811393531813451,0
R03,21.276218057533992,27.32995188835656,835.6414648885659,0.6353723365717769,6.359783846517777,6.053733830822569,0.9518772928324,131.39463306541643,0.09990470618269007,0
R28,18.75495273960449,26.958396050678477,1051.4793068156555,0.9334968800057616,10.558099735109137,8.203443311073986,0.7769810398546296,99.58982517650811,0.08841523602032088,0
R23,20.95095946744045,37.26681909345453,450.3484623498793,0.509855268877182,9.047034692388555,16.31585962601408,1.8034483320530348,49.77857139519605,0.056356064303161466,0
R33,22.02600101299025,27.213850545155434,1242.6438555179432,0.8604065481552533,8.010494263050294,5.187849532165185,0.6476316394226738,155.12698901113254,0.10740992002503744,0
R46,20.68553336376501,29.203283111658543,932.2484315271432,0.6985917648092275,10.471978781102925,8.517749747893532,0.8133849319160318,89.02313984912004,0.06671057871792696,0
R48,22.660638136485236,25.76380870659764,1134.0600782511,0.8166203874554803,3.782325134553144,3.103170570112404,0.8204399303919234,299.83146289857007,0.2159043335527416,0
R18,20.591312618914483,28.93628693819491,975.470922748892,0.9087217808692204,11.034045399692774,8.344974319280428,0.7562932738624386,88.4055563860606,0.08235617563205988,0
R23,20.745378916645397,24.057858671418632,985.0328248892324,0.9153272532826248,3.3080529973847623,3.3124797547732356,1.001338176078791,297.7681511354162,0.27669667142765014,0
R44,22.332830297525778,24.676534373945643,1405.687128588559,0.9872736325994348,4.975594725728628,2.343704076419865,0.47103998730054364,282.5164037818031,0.19842324124476557,0
R46,25.40285848705234,33.696166691804656,702.0668429505113,0.5910535694107917,7.239589074244329,8.293308204752314,1.1455495774279112,96.97606255694744,0.08164186714872157,0
R02,19.42310524048535,31.616150589285866,573.27278995989,0.6289438427166012,8.701303978435325,12.193045348800517,1.401289436505019,65.88354933704734,0.07228156196764642,0
R23,21.983526865875845,29.226134654658072,1115.174684446694,0.911291937955837,9.148654708009332,7.242607788782227,0.7916582295363681,121.89493647305292,0.09960939253265645,0
R34,22.51205946862775,28.2902789763883,1208.669168024715,0.8257101941759322,7.9876020226421405,5.77821950776055,0.7233985232841169,151.31815087914347,0.1033739778015134,0
R12,21.353469421407887,29.32451896729829,940.3730591532124,0.7471369250691358,8.697882570217029,7.971049545890402,0.9164356360920045,108.11517073973882,0.08589871374298093,0
R46,22.373533528954155,25.37287873254574,810.8158804708236,0.5831416843780397,3.422693700975495,2.9993452035915844,0.8763113108066746,236.8940814773272,0.17037507160276705,0
R26,22.46097442920701,25.41494836269588,1056.0951176100093,0.9185394953515148,3.614247348186824,2.9539739334888715,0.8173137167744773,292.2033319440147,0.2541440601214863,0
R40,22.19064161389544,28.87523713416395,982.2649971042326,0.7380252010995498,8.097641762672074,6.684595520268509,0.825499042336335,121.30259968182429,0.09114075711544134,0
R33,22.47199951335466,28.65679387696537,715.7274715449855,0.7699213894540967,5.429201001529754,6.18479436361071,1.1391721105680295,131.82924547153792,0.1418111779683899,0
R45,19.463956976713863,22.469859346589416,957.2709643887516,0.8116662754524954,4.392049267949126,3.005902369875553,0.684396323103899,217.9554249025423,0.18480354520966114,0
R01,23.41550387091095,29.292552322593345,969.0263667834382,0.844201198213868,7.459421845855786,5.877048451682395,0.7878691637405509,129.90636363082186,0.11317247042180338,0
R37,21.384428766640376,24.10957764571644,791.2149295080686,0.9838496941035432,3.021054515632004,2.7251488790760625,0.9020522022939933,261.9002488747035,0.32566432979370513,0
R49,22.35540200186651,24.68864184026757,1128.021788905251,0.9751186769104012,4.231367678270653,2.333239838401063,0.551415054376615,266.58562305941473,0.23044999892538984,0
R24,23.675394876800976,31.17564248916954,1153.1882871307323,0.8194746926671309,9.825531725511134,7.500247612368565,0.7633426690684666,117.36650181858145,0.08340257968323857,0
R08,23.63696946927708,29.473328201574937,727.5599313931284,0.7447124818215702,5.247012079732674,5.836358732297857,1.1123204299150784,138.66176031944573,0.1419307732677284,0
R14,21.607994737515337,25.08333694287539,825.7668590620237,0.8655118357291408,4.08470320907818,3.475342205360054,0.8508187810649664,202.16079768703187,0.2118909970755173,0
R29,23.876567611951995,27.85069175938076,1373.8518607715944,0.9310213254946568,7.267927949917174,3.974124147428764,0.5468029092767841,189.02937264082962,0.12809996630542642,0
R17,24.03777399044496,32.32456581562057,851.9407495789367,0.682348624728653,8.851506153989053,8.286791825175612,0.9362013290180062,96.24811131097704,0.07708842007878436,0
R43,22.825140793288245,28.45502354162855,734.9964865789948,0.8623833857643808,6.058874673912595,5.629882748340304,0.9291961051085309,121.30907571725055,0.14233392043534146,0
R29,24.02027399845089,30.701449175545463,1056.7331665680586,0.8689278834532626,8.954896575724874,6.681175177094573,0.7460918303854057,118.0061832799581,0.09703382681255872,0
R02,22.16456797855085,26.06884547926061,763.94991007231,0.9350494369504648,3.2196070340088423,3.9042775007097603,1.2126565321384615,237.28048237026303,0.29042346692422366,0
R32,21.95144544021612,42.769049974102096,432.071760600744,0.5350148528737355,11.393309184827276,20.817604533885977,1.8271780565394684,37.923289326348105,0.04695868813831777,1
R16,18.636359349733542,23.94967624574399,1403.3608197892777,0.9920417345996476,10.863094027677048,5.313316896010448,0.48911634958448774,129.18610629842544,0.0913222082099371,0
R05,23.572349840378404,36.374728059920656,588.8883678368196,0.5016731810214896,9.590446264661807,12.802378219542252,1.3349095408328957,61.40364604374183,0.05230968061100756,0
R18,21.93063022522644,31.66850874180652,424.2877981176229,0.5210465948181809,5.102469759449189,9.737878516580079,1.908463739260119,83.15341748608907,0.10211654735498675,0
R49,20.70289628788126,27.03570211793969,879.9469152083781,0.5622187786484282,6.524671264863205,6.33280583005843,0.9705938541550725,134.86455937590088,0.08616813871927931,0
R06,21.805800865193355,29.684485499180955,1206.4891187923547,0.9420994890657516,11.840974635720734,7.8786846339876,0.6653746736539683,101.89103143188335,0.07956266422729383,0
R08,18.86007932468532,27.557490857148203,1060.8790464534563,0.8248233244961842,11.48458596721613,8.697411532462883,0.7573117182709496,92.37416564095902,0.07182003137515995,0
R34,22.93712698674305,29.555235449825307,811.6658367240803,0.5183659687133069,6.456815503421247,6.618108463082258,1.0249802645863968,125.70683432010814,0.08028198551416599,0
R47,18.601985590312665,22.77047308878202,970.0311675563132,0.759130183338196,4.946916207328981,4.168487498469354,0.8426436437903747,196.0880530216355,0.15345523383103304,0
R35,20.895553911438057,31.251865929232647,782.8124992961046,0.8480103090268961,9.824146281336825,10.35631201779459,1.0541691584406407,79.68249625753569,0.08631898230565667,0
R47,17.50866560201233,18.94975231119661,1409.9176751332825,0.94746072061392,3.313786442104424,1.4410867091842832,0.4348761558301021,425.47028897791995,0.28591484006803825,0
R28,21.861954970007545,29.30552895471916,773.755081029914,0.5221883317666184,7.290091454973315,7.443573984711616,1.0210535808345167,106.13791141153061,0.07162987391747747,0
R25,19.241361543970942,29.271549428688203,612.3879978250136,0.5434933799557051,7.957716335482254,10.030187884717261,1.2604354643799214,76.95524344019,0.06829765689590496,0
R05,22.08654338948858,24.88902796851025,1202.8612314264674,0.7663012597003811,3.4390522350585577,2.8024845790216695,0.8149002653848759,349.7653275411753,0.22282338485252262,0
R03,23.16785637065193,27.65477141685919,1050.9294104651854,0.8390080762795318,6.1302828711197375,4.486915046207262,0.731926265155803,171.43244978403843,0.13686286488216837,0
R19,21.070986148995026,35.601788375698455,576.48783176736,0.6226427661276672,10.813447236463922,14.530802226703429,1.3437715012567175,53.31212324441654,0.0575804137674117,0
R45,20.70161735019264,27.764667525937163,1087.797988069785,0.8400703858801502,9.277243155023552,7.063050175744522,0.7613307162182051,117.25444400805118,0.09055172661128957,0
R43,22.459255860327307,30.845627367795768,1101.4891594437383,0.7327350043849918,11.651837593664167,8.38637150746846,0.7197466871687823,94.53351461426881,0.06288578934394225,0
R18,22.382198136039808,29.90877743398342,1104.753262876692,0.9160670889788708,10.36170321707156,7.526579297943613,0.7263843733280354,106.61888685023725,0.08840892947692157,0
R17,21.5576053365484,27.47256006349589,555.674119757709,0.6883476809933994,4.04259471102232,5.914954726947492,1.4631579838612305,137.45481787789362,0.17027373016557604,0
R19,24.41796388821293,30.2080551403102,1210.1975879025258,0.7706332893380552,9.849251122518252,5.79009125209727,0.5878712178288802,122.87204101595727,0.07824283082560088,0
R30,22.98083914340553,31.99806096563142,839.8473646500904,0.8944034909353722,9.783289506454672,9.017221822225892,0.9216963084120781,85.8450896394294,0.09142155001600188,0
R17,20.882156305456824,28.624552945672114,872.6250928461507,0.6729415284764784,8.23953414158646,7.74239664021529,0.9396643678115216,105.90709108684308,0.08167227866439893,0
R12,25.13104805846868,29.86023736941706,541.1572712148813,0.5110617757644986,3.2212822481292136,4.729189310948382,1.4681077119817418,167.9943666933138,0.15865165992868274,0
R23,19.10397219916751,23.51891826849743,1017.4364077141216,0.636813333140833,7.013124357390735,4.414946069329918,0.6295262773541519,145.07605396186977,0.09080308585569731,0
R39,22.927447714780865,29.748707520291365,948.291534131301,0.9129603828999484,7.743216865906759,6.8212598055105005,0.8809335866007294,122.46738668867859,0.11790453486065929,0
R20,21.55517444308887,28.14011685690524,993.5822466035996,0.6366297634991047,8.890600928530217,6.584942413816371,0.7406633664868574,111.75647794685769,0.07160705655521438,0
R21,21.312623304124436,28.21836890239595,1459.5287701173572,0.9286800460462492,11.185720598530365,6.9057455982715155,0.6173715441434168,130.48142560517,0.08302371205018869,0
R01,22.707525557983736,26.474239054835664,1204.224370494032,0.8622113363070585,5.8866846639431465,3.766713496851928,0.6398700986862147,204.56750093479482,0.14646806913036062,0
R24,22.68545069275541,27.513519789464876,1098.6364173143547,0.9321791249198186,6.316737093513851,4.828069096709466,0.7643295937814195,173.9246704508972,0.14757288630501947,0
R15,20.70005357627306,30.263216102221275,623.0757677451016,0.7651771968641281,7.083242711447544,9.563162525948215,1.3501108059579494,87.96476319216355,0.10802639808282881,0
R24,19.938564994396955,27.686534796823597,1161.749030601948,0.808325157260369,11.287630630341182,7.747969802426642,0.6864124151617859,102.92231103657517,0.07161158827146494,0
R17,20.85222103532973,29.32883743112645,777.672830546472,0.6237699778016876,8.46575803436404,8.476616395796718,1.001282621283127,91.86098012602743,0.07368152683666279,0
R22,21.10763313357044,27.385497820557354,912.4362571163512,0.6344967022175488,8.23774261722959,6.277864686986913,0.7620855589559805,110.76289943897396,0.07702312777901946,0
R08,24.43031001774351,30.92580339897128,938.0611934357096,0.8402283131796626,7.181387369722291,6.495493381227771,0.904490044446517,130.62395121459448,0.11700083422907666,0
R38,21.353287575427583,28.784363179512106,1206.4214863362624,0.862142654063206,11.17036787686176,7.431075604084523,0.6652489592108433,108.00194762029614,0.07718122299705488,0
R22,24.04628240937445,28.1863084637557,956.1050381117944,0.6730082838224198,4.893146219269817,4.140026054381252,0.8460867239317958,195.39678465902657,0.13754101219620818,0
R30,22.390820569993267,26.23840746812344,602.6765631545542,0.5392892485775104,3.298827979122299,3.8475868981301744,1.166349661904432,182.69414682086727,0.16347904528231755,0
R46,22.703782135812872,32.51335144132589,758.5816094533336,0.9107203640049332,9.23874546740413,9.809569305513016,1.0617858604420751,82.10872484037351,0.0985761938369349,0
R03,18.932502548580327,27.94759922654837,1031.2492876123138,0.797388318688468,11.065991724165343,9.015096677968042,0.8146668552337102,93.19086018836654,0.07205755602972054,0
R12,24.09910543063867,30.850661459025535,1235.3274249783756,0.8570434660662138,10.83872211371477,6.751556028386865,0.6229107045602533,113.97353046031643,0.07907237191566656,0
R07,21.798354019629585,29.760700063991813,992.3529340591916,0.7765007262959792,8.947381064693257,7.962346044362228,0.8899080062412879,110.90987707845127,0.08678525265455428,0
R41,25.464430504971297,29.609684694141563,992.5391744910582,0.7193036082447692,4.475995328905475,4.145254189170267,0.9261078005154922,221.74714260342316,0.1607024930521235,0
R25,19.936847506259685,28.67679829351909,963.6010228117862,0.6096069936790222,10.846052099329814,8.739950787259406,0.8058186248062975,88.84348092623746,0.05620542738465088,0
R32,22.0760069563364,27.733484726000786,1069.5935130527355,0.7776817754688157,7.483761448078251,5.657477769664386,0.755967144184849,142.9219143973911,0.10391589588528585,0
R10,22.964543781405883,30.41307953185899,692.4974566583103,0.6102805624611616,6.629352250114486,7.448535750453107,1.123569161726845,104.45929414089456,0.09205734428286297,0
R49,18.27133694338181,25.006341554645,1203.9795204386598,0.863584534883154,10.814452548675424,6.735004611263189,0.622778137029979,111.33060272996673,0.07985466957261074,0
R44,27.18714300771772,35.9270069221979,928.971157522424,0.7524224409465089,9.909514992601022,8.739863914480178,0.8819668693176036,93.74537080937301,0.07592929033442182,1
R34,18.734095438916032,22.592836484882135,1424.327616281528,0.9367116190408302,7.380020472822325,3.8587410459661022,0.522863189902563,192.9977865951401,0.12692534153399246,0
R12,23.498604834795007,27.936745693989725,1076.4917902219504,0.7329064035101243,6.454624366810167,4.438140859194718,0.6875908816655147,166.7783791969827,0.11354749120316691,0
R36,21.94889185801711,37.85305085487768,583.9635827631264,0.589841554435121,11.181292685990767,15.90415899686057,1.4223900083384065,52.226839880042164,0.05275253684881566,0
R47,22.536433616555392,28.5287225060967,1050.3875280125155,0.7897074496717504,8.336265598486037,5.992288889541307,0.7188217336344918,126.00216674997473,0.09473156059413108,0
R25,24.2154409005634,35.11138669103664,833.7583147364609,0.6290667163505638,11.724710901017588,10.895945790473242,0.9293146656202484,71.11120451286342,0.05365306843480184,0
R36,17.80968495464003,30.99038182447742,718.7828944941963,0.7268947706918196,11.728389405706904,13.18069686983739,1.1238283803421303,61.285728980352964,0.06197737349495922,0
R30,19.406996465038343,22.39760000924989,920.6133335577928,0.7247169176068688,4.311809114202765,2.9906035442115453,0.6935844015823264,213.509761024755,0.1680772266146262,0
R43,22.763870904463108,30.826968220589663,981.3990110573792,0.8319022638109026,9.627618135590764,8.063097316126555,0.8374965856112855,101.93580564121109,0.08640789986627943,0
R28,21.356753727908075,30.11515869114218,959.7557076452098,0.7790701247969314,10.77794559906752,8.758404963234106,0.8126228586635157,89.04811207511062,0.07228373140650612,0
R26,21.62001122563524,25.960851284473986,651.810770701028,0.5610549570050134,3.354091866016587,4.340840058838747,1.2941923573471021,194.33301076369642,0.1672747734460052,0
R49,25.943337500923636,32.841267039370685,943.6264799689231,0.8441039329332978,8.262036303983297,6.897929538447048,0.8348946052344765,114.21233764295873,0.10216657272812248,0
R34,22.29606351631937,25.24898157493361,1247.086352844217,0.9865488740351732,5.9081759136325065,2.9529180586142374,0.49980198656588465,211.07806725366686,0.16698028096265946,0
R23,24.216365633475032,39.0341129710515,469.5242776257046,0.5698256273781565,9.001778317914939,14.817747337576467,1.64609111825014,52.15905802648775,0.06330145080823806,0
R42,20.558419162127123,34.69449819100808,552.5261838030773,0.5811909473311605,9.596090265072077,14.136079028880957,1.4731081761843745,57.57826036861766,0.060565389786565865,0
R38,21.93822472885684,33.794051178645404,796.9897133104843,0.588574894723693,10.813280289397548,11.855826449788562,1.0964134964126688,73.70471235189704,0.05443074432286679,0
R17,22.39657875474373,28.62164288800364,1319.038733459459,0.9323044179775184,10.477894722075348,6.225064133259913,0.5941140179758286,125.88776356766049,0.08897821964304463,0
R04,25.26686306460219,33.70720193844755,806.6663387341777,0.6078375761988586,9.08862047199522,8.440338873845356,0.9286710672816171,88.75564132309846,0.06687897003420809,0
R26,23.604941764639378,30.002742863274992,744.2411731073344,0.5796437226214026,6.137163005177735,6.397801098635615,1.0424688236629835,121.26794945473031,0.0944481549752508,0
R25,23.12880597578653,31.06646396271945,1117.2108147463632,0.8911927420291368,10.836781053035333,7.937657986932919,0.7324737805521703,103.09434224782437,0.08223777316046427,0
R38,23.442932547570148,27.703441952958304,1205.9007739596846,0.8337966927817924,5.943298454069148,4.260509405388156,0.7168594069966566,202.9009283782561,0.14029191016159112,0
R19,19.318942793234967,32.03086732229073,713.626830132225,0.6878361259408632,10.82010562986514,12.711924529055764,1.1748429233416091,65.9537766583818,0.06357018586235709,0
R01,20.017215301087383,24.261783255461875,946.8660053997642,0.6980863458046277,6.298153813842581,4.244567954374492,0.6739384397131497,150.34024785464388,0.11083983758388344,0
R49,19.62302655614713,30.574857608640603,586.2419341053746,0.7222097263756008,7.911181996459261,10.951831052493471,1.3843482626736545,74.10295128689415,0.09128973732355468,0
R14,22.11828424454485,31.174759277640867,807.7233084052115,0.7317470219002862,8.57541311408653,9.056475033096017,1.0560978127361893,94.19060022640691,0.0853308187215227,0
R06,22.179216319855215,32.75346162798262,804.5274819763425,0.9068831441597932,11.22812864356323,10.574245308127402,0.941763818692024,71.6528557443591,0.08076885943764849,0
R15,23.189508683330573,29.11520846049337,1135.1059137677971,0.8039525463967223,7.802422920541906,5.925699777162798,0.7594691850863216,145.4812082512646,0.10303883224275223,0
R43,23.51785717957353,28.91083796389899,481.9286020363541,0.597888992841773,3.1640932440872547,5.392980784325463,1.7044316865197742,152.31175722679308,0.18896061105627937,0
R25,19.20496353431225,29.9217070886941,660.864757340885,0.6900372544686026,8.892237732882133,10.71674355438185,1.205179604539021,74.31928578529883,0.07759995573633288,0
R14,23.941801463868615,32.76467866971706,645.9192622739175,0.6283882838602539,7.372845832676931,8.822877205848442,1.1966718694625187,87.6078622736368,0.08523008592899044,0
R35,22.63240015240912,31.39218546157628,748.6324773604567,0.5448131695774711,8.22838847936518,8.75978530916716,1.0645809116979097,90.98166417857483,0.06621140590818379,0
R26,22.21075101229192,25.670318720504216,794.2605038807509,0.5905746747673402,4.096974840032528,3.4595677082122975,0.8444200521829004,193.86511630968297,0.14414896303406424,0
R07,21.71230845817607,27.43362681897377,850.2389194405642,0.8967036290739187,5.65750460298279,5.721318360797699,1.011279488448187,150.28514850739938,0.1584980821051656,0
R07,22.49499559367442,33.485180353702624,838.6645697282054,0.6867548415191937,10.341737791538527,10.990184760028203,1.0627019347773665,81.0951299127299,0.06640613554146456,0
R28,24.29883945652743,29.323811609678128,781.0324778908388,0.6060224199541133,5.052717947540392,5.024972153150699,0.9945087387268076,154.57670228179603,0.11993988705605829,0
R08,24.13970099740208,33.84344996843214,781.8334140811126,0.7783185289683586,9.92950230226511,9.703748971030059,0.9772643860323641,78.73842920634213,0.07838444518924269,0
R36,20.329305893480484,28.86128623599064,730.7439209021002,0.8337749496457352,6.813644282838865,8.531980342510156,1.2521904561409472,107.24714859896383,0.12236842943881239,0
R50,26.93610436445965,29.7811769787345,923.5904022410328,0.6176177924009925,4.376854207457064,2.8450726142748515,0.650026818217422,211.01694469682496,0.14110997605282954,0
R22,18.92610407994736,21.49498355893459,1055.5210423160477,0.820985750221633,3.212747274417028,2.5688794789872276,0.7995896532052512,328.54157272846123,0.2555400970250938,0
R14,23.33396080687632,36.937385742267146,483.4065500399028,0.529227307054277,8.688139374183766,13.603424935390827,1.565746628767548,55.639824503312354,0.060913768099397796,0
R18,23.13796615837055,29.36486140479313,981.2289870040412,0.7140998074628073,6.638868912938629,6.226895246422579,0.9379452024254996,147.8006268645708,0.10756347456583808,0
R39,18.73699835723167,29.09310011183264,832.4478499484577,0.6324477236183668,9.953604547044442,10.35610175460097,1.040437331587183,83.63280317336289,0.06353956706127747,0
R33,20.481919105582705,27.454728971738447,579.6261425158206,0.6774981529159687,5.039907620042892,6.9728098661557425,1.383519380082685,115.00729501682565,0.13442670064460485,0
R05,25.379273995389397,29.296160312511876,833.9582532592939,0.820084111914083,3.629384451384907,3.9168863171224793,1.0792150486091014,229.77952995337006,0.22595680421817915,0
R44,25.345144773675408,30.87408074988087,890.1717220419573,0.6665009565290989,5.91900377803838,5.528935976205464,0.9340990787537241,150.39215304183662,0.1126035700470501,0
R30,22.22098107739894,29.38605640492141,688.3078618061487,0.7902375033583373,6.002125945249803,7.1650753275224695,1.1937562445175025,114.67734400856561,0.13165960037605448,0
R47,25.166930050768187,30.72319480858602,673.7224209108324,0.7679138422365406,4.808403197931508,5.556264757817832,1.1555322066602154,140.11354563624286,0.15970246475313965,0
R17,20.173602188436774,23.93907237682894,1168.8395472101852,0.990618187172152,5.707677975179296,3.7654701883921646,0.6597201532333961,204.78372330973497,0.17355887831794392,0
R40,23.54621441339048,25.03883767266992,1228.9506427321069,0.8685901125036215,3.18023720333242,1.4926232592794406,0.46934337404624765,386.43364131592057,0.27312117209164993,0
R20,22.26708180956457,31.200875245940225,764.6831599734512,0.5445622160580084,8.612271192024838,8.933793436375655,1.0373330376136498,88.78995365143233,0.06323096473811525,0
R38,20.63593123360137,27.511740407816127,475.2731111929506,0.5315545165395751,4.433736185570822,6.8758091742147585,1.5507934812611164,107.1947205022442,0.11988862085873969,0
R41,20.303802601321536,22.02105114306662,1203.8597622364127,0.9684789115155314,3.788784720874547,1.7172485417450858,0.4532452140349377,317.74298381316623,0.2556172975940375,0
R23,22.730601986043578,33.98265118015142,870.5501957618399,0.936668330861924,11.481483171920098,11.252049194107844,0.9800170435842841,75.8221026609974,0.08158077809604809,0
R37,26.38381470948883,32.940840345885086,838.9516448525255,0.7505764995910049,6.51938486752357,6.557025636396254,1.005773668779733,128.68570607508968,0.11512995701941374,0
R30,20.6638190927139,27.62288420609914,1349.4284102098786,0.9340283450537252,10.901768884005628,6.95906511338524,0.6383427485419482,123.78068408601771,0.08567676998033515,0
R09,23.42454297901176,33.48757492901621,472.082336923011,0.5114469124880601,5.902751800617737,10.06303195000445,1.7048035035034559,79.97665374878315,0.0866455053106817,0
R02,26.929755271715365,29.12185597096765,1432.080693851904,0.9310072411363112,4.192722054676636,2.1921006992522862,0.5228347290055104,341.56347002647976,0.22205317428515187,0
R46,21.2565741934142,25.11289500294409,840.6334471737293,0.7512830382317213,4.573547645343713,3.8563208095298904,0.8431793234855606,183.80336499381843,0.16426701906048702,0
R08,22.48373340302708,29.868270758709325,742.5419650282896,0.7530537774233754,7.304106207432651,7.3845373556822445,1.01101177145641,101.66089374120543,0.10310005852010595,0
R31,19.580610514317783,29.374411200429,636.6468946813586,0.7197558443164551,7.555276765562197,9.793800686111219,1.2962861573453492,84.26519827615938,0.09526531808830398,0
R02,21.573114258139583,36.7975834334996,489.0804593161252,0.576012426564324,8.851809831583381,15.224469175360014,1.7199272764580746,55.25202965511971,0.06507284244958626,0
R02,20.803012766567328,25.114774020761725,1136.4038681854709,0.8771267721719316,7.361414283169783,4.311761254194398,0.5857245752425957,154.37303546189523,0.11915193717289958,0
R09,22.60489942872025,28.14837348176397,584.5892489623382,0.5606924697112144,4.280244318184765,5.54347405304372,1.295130287187598,136.5784767188851,0.1309954357813392,0
R33,18.931402747231083,23.57586251361355,1448.7794920422016,0.9983484269264884,7.584799153348108,4.644459766382468,0.6123378711132114,191.0109236581006,0.13162489958429474,0
R36,21.74298503828839,31.841929301044,644.9949121046482,0.7130416919451857,7.743373175204865,10.098944262755612,1.3042047741020084,83.29637452705921,0.09208411835663867,0
R35,23.75728701945209,29.02144879361322,1033.7502847980882,0.7070648762644636,6.309834157895606,5.264161774161131,0.8342789433814188,163.83160934658454,0.11205760065495554,0
R02,25.49848324408705,29.206252917752096,1015.8953673013112,0.7092903108119677,4.204233626515398,3.7077696736650445,0.881913329050213,241.63627846326833,0.16870858611153108,0
R39,19.6111204839886,26.928158839124624,971.080491691432,0.6617501974557369,8.570533737069493,7.317038355136024,0.8537436033287147,113.30455272479585,0.07721225045687855,0
R37,18.079683983412338,33.20482145127837,660.4501963575173,0.7439270219631813,11.6361897988893,15.125137467866033,1.2998359195988503,56.75828667048373,0.06393218354294898,0
R26,24.183102848627996,28.024770115385436,927.465646473516,0.9323301960702088,4.144797864187046,3.8416672667574403,0.9268648056280879,223.76619484565086,0.22493984667526715,0
R29,20.66185452268017,26.21055387382076,1042.0546505816862,0.7297233842029933,6.550286507130318,5.548699351140591,0.8470926187885907,159.08535442646013,0.1114032773083517,0
R01,21.824723484367045,36.83057919087007,550.8531906800188,0.5382084297190257,10.279951154726952,15.005855706503024,1.4597205259679658,53.585195336917934,0.05235515437945884,0
R40,22.55308733378533,28.21900981136192,1086.6786767931678,0.8186007384041403,7.153297181622607,5.66592247757659,0.7920714509293418,151.91297791806167,0.11443684186743856,0
R15,20.791321856873378,28.81316823997052,1092.2930669288478,0.7253098283648789,11.004518245159598,8.021846383097142,0.7289593423706301,99.25859929482141,0.06591018454478102,0
R08,19.305747420940605,22.910200559479428,736.0173679400697,0.8581616940313411,3.763128144412229,3.6044531385388225,0.9578342804751364,195.586581082274,0.22804477049382524,0
R11,19.84667813095134,25.732241579861864,1385.91403353667,0.9711576948365964,11.736749619036033,5.885563448910524,0.5014645144482446,118.08329209722875,0.08274502961718289,0
R05,23.21426220156724,31.882987748087967,892.8053338311543,0.882186331110868,8.942724477312044,8.668725546520726,0.9693606873960545,99.83594329627707,0.09864849726154493,0
R02,21.577327828898014,35.71826667952093,507.40182364918536,0.5052138496987015,9.006153582417856,14.140938850622916,1.5701418725780312,56.33945934918919,0.056096517239612544,0
R25,20.712963539239716,28.75607094391401,820.4277160503658,0.5209756117158182,7.772719199242425,8.043107404674295,1.034786822796612,105.55221345579157,0.0670261717117731,0
R40,26.72726688735077,29.75938055876596,1141.4365526464442,0.74300775148877,4.025609712428855,3.0321136714151926,0.753206070139811,283.5437695617436,0.1845702401787171,0
R34,20.81044749088868,23.388707386011745,1032.1166738751745,0.6691337529972492,4.1528617172958,2.5782598951230646,0.6208393321610377,248.53143305413334,0.16112594122998294,0
R14,21.032377736917805,25.30474980649555,1253.6255721948594,0.8064697912472627,6.95464490725007,4.272372069577745,0.6143192250008175,180.25730844834095,0.11596131822726637,0
R32,19.575085442301543,27.541599054754137,807.0994972459544,0.5063574449934467,7.464430548118979,7.966513612452594,1.0672634116021267,108.12606427818419,0.06783604478992007,0
R39,21.502617747632907,31.144253371281916,961.1834080490112,0.9594632668197772,10.618629048212505,9.641635623649009,0.9079925082487029,90.5185974276795,0.09035660464862827,0
R08,21.706002435605853,32.108820555738255,735.6583516017644,0.778906612755535,9.733727153810978,10.402818120132402,1.0687394413001867,75.5782795199614,0.08002141424835142,0
R22,21.81125649992924,33.50689255855138,808.4129388065395,0.9686940332485594,11.862027655720574,11.695636058622139,0.9859727525573427,68.1513281092946,0.08166344417359352,0
R15,21.15160195594378,23.29826943760829,1169.9550291991395,0.9825648710634982,3.8268379893904014,2.1466674816645117,0.5609507085525892,305.7236894905782,0.2567563282761329,0
R22,23.131019291263087,28.82065347348173,959.5270848669747,0.7951738452293864,7.880134849426635,5.689634182218644,0.7220224388206538,121.76531280258367,0.1009086596135146,0
R29,19.613690707802533,22.093912973737567,1184.228664165838,0.788586391643775,3.8438122858100097,2.4802222659350335,0.6452506213924997,308.08701781239154,0.20515736279707414,0
R16,20.288977284043494,26.268418147046987,1310.7782064411565,0.870856030756465,10.305769951791389,5.979440863003493,0.5802032153807318,127.18877022995376,0.08450179218342531,0
R42,22.866241069354388,31.26858447578976,913.637786255107,0.6554644650037771,8.918042815002208,8.40234340643537,0.9421734769315852,102.44823950813033,0.07349869008266416,0
R02,19.10028686903819,23.018655110604527,1108.9665948552274,0.8918958922426986,6.198461118171655,3.9183682415663377,0.6321517820091013,178.90998648102138,0.14388989060978075,0
R31,20.36562906678201,22.388397722371806,1498.568942228788,0.9383253809141004,5.750437939411934,2.022768655589797,0.35175906198835605,260.60083736544743,0.1631745948396511,0
R20,21.21203727339516,35.48096434146771,553.9873537672041,0.6086045488456053,10.02359798532547,14.26892706807255,1.4235334546499405,55.26831329211733,0.06071717458507428,0
R45,20.871504802685223,24.226346707126027,940.8338004025004,0.7941011334741952,3.836915758408189,3.3548419044408035,0.8743590205463927,245.2057484819061,0.2069634006777469,0
R16,27.02481515315664,32.46534158214832,717.1462396465016,0.8514717204893384,5.028948799173245,5.440526428991678,1.0818416822788286,142.6036072915278,0.16931405637482722,1
R19,24.231804106730724,27.87762556329562,1093.7562596855369,0.912524705090031,5.428386481153929,3.645821456564896,0.6716215710178934,201.48828081471342,0.1681023833247873,0
R38,20.190970622021133,23.563053836546864,1109.895962592821,0.9125653338330576,4.888577953707685,3.3720832145257305,0.6897881646682577,227.03861390837253,0.18667296348234216,0
R49,25.02689948648426,35.73723153372123,531.5034784774004,0.5443002148398086,6.9061742955648775,10.710332047236967,1.5508343098312922,76.96062331046731,0.07881356472415653,0
R11,21.873421757722078,35.60341754125448,609.9484268785742,0.6497217552459433,9.602542470380811,13.729995783532402,1.4298292171977145,63.51947192735356,0.06766143000669042,0
R47,24.397282743982103,26.562842116894505,1037.5784954368255,0.7049524448481441,4.065025718310486,2.1655593729124014,0.5327295626096199,255.24524746870873,0.17341893845167056,0
R16,23.02347533815801,25.710401902381204,1239.6943381112562,0.7827749824607202,4.82642730817412,2.6869265642231923,0.5567112882178019,256.855487290089,0.16218518015075026,0
R30,22.646335428369564,33.42336235776955,773.0487058152708,0.6365354049864063,10.48527339308196,10.777026929399984,1.0278250766938055,73.72709101942137,0.0607075639445304,0
R42,19.199589913261786,30.448063238353573,674.9860866578371,0.6127706649628664,10.6745521788814,11.248473325091787,1.0537653605128126,63.23319942107114,0.05740481237003793,0
R21,22.41137274992137,30.698100537764567,672.3662064900046,0.7414844360426776,7.123681980641034,8.286727787843198,1.163264700805398,94.3846466359944,0.10408724562069152,0
R50,21.45154328589094,33.42954198081749,717.090617553848,0.8901065317150512,11.184511728075568,11.977998694926551,1.0709451593545347,64.11461090016061,0.07958385250566542,0
R20,21.79969184704009,30.22038015572114,836.6155536509376,0.978307310541729,8.912596406404255,8.42068830868105,0.9448075425731454,93.86889246435274,0.10976681383651057,0
R28,21.866942964895934,26.79856988768718,911.8722980239964,0.6378061693394728,5.48147867785997,4.931626922791246,0.8996891555394333,166.35516648219482,0.11635659040609082,0
R31,20.94784393557608,28.38745554489109,757.138919666968,0.8883552784775905,7.04765858205486,7.439611609315008,1.0556146445939025,107.43127108836363,0.12604970404491078,0
R20,24.142249147569306,31.93801575329468,840.9272449027882,0.7809964237334034,8.577294961794742,7.7957666057253725,0.9088840526587371,98.04107806114548,0.09105393101346547,0
R06,22.133981434449744,35.448247904293524,680.0396914591864,0.5109116983877448,11.098500111185452,13.31426646984378,1.1996455680011393,61.273116605532934,0.04603430132625131,0
R07,21.791037307246267,26.97226865914772,1307.081634093974,0.9139341876610864,6.541030619072324,5.181231351901452,0.7921123831455594,199.82808676705898,0.1397232700602622,0
R21,19.33368537869269,25.89843548297535,792.74506967895,0.8270873007370372,5.30877056199823,6.564750104282663,1.2365857645600866,149.32743097877628,0.1557963922301664,0
R25,20.35376387730384,30.173934890927978,930.9650970536526,0.9836780888941375,11.523323889648507,9.820171013624137,0.8521995135835481,80.7896320513863,0.08536409271441057,0
R22,22.857633000661146,32.68583544740949,679.2915070754486,0.7616954556871832,8.051005094542724,9.828202446748342,1.2207422963140677,84.37350356862873,0.0946087409885617,0
R41,23.102639449522083,30.99136629195093,999.2488474291952,0.7744193283600294,10.125299896080165,7.888726842428845,0.7791104385444257,98.68832110504076,0.07648359419554895,0
R10,21.103239561892234,24.60413462636091,1439.797460914433,0.9728490735001412,4.491970861469482,3.5008950644686756,0.7793672693868298,320.5268923858123,0.21657510778729494,0
R48,21.39550064815696,27.83384050824245,903.0415192708172,0.8746418563478882,7.141460380395957,6.438339860085488,0.9015438743816871,126.45053968929926,0.12247380924339649,0
R10,23.68489984981229,32.29154280060182,1074.424696702225,0.896994858184003,11.802556361761756,8.606642950789528,0.7292185427449908,91.03321888664523,0.07600004869200298,0
R26,22.64615854623206,26.99471035213922,1067.673358562225,0.8783757528443175,5.971935583843478,4.34855180590716,0.7281645531595764,178.78179420600534,0.14708392957564415,0
R22,25.165187930963185,29.00045304530468,977.5963983806434,0.6277466723278023,4.454578301572843,3.835265114341496,0.8609715341601074,219.4587977127867,0.14092168322782758,0
R49,22.166694141986486,26.76859732266968,623.7545695483161,0.5326022956302461,3.2445067910300383,4.601903180683195,1.4183675600266572,192.24942640674573,0.16415508733182835,0
R35,24.618945792701425,26.951299402877087,1207.5297060950834,0.828390052362147,3.949263299609675,2.3323536101756623,0.5905794152560505,305.7607494072197,0.20975812183604492,0
R11,22.72514163005297,28.340051725969506,784.2941563942915,0.7616648155973706,4.833898132149201,5.614910095916535,1.1615698019312806,162.24879692398196,0.15756741138827568,0
R21,22.0973374737661,28.492288802052748,785.750958978772,0.8213373288362118,5.811141916969622,6.394951328286648,1.100463802064822,135.2145533882475,0.14133837042212874,0
R20,23.577798596066906,31.967972870329422,752.5460173714424,0.5830171567080977,8.020381727362812,8.390174274262517,1.0461066018389247,93.82920201965096,0.07269194615999905,0
R43,20.089754841301293,37.58874571180526,548.4612519367817,0.5703557640243793,11.851693254437,17.498990870503967,1.4764971126765156,46.27703739560172,0.04812441157392014,0
R04,22.68023541280929,27.98518587650953,1461.5498403007475,0.9838779385516944,10.18733945144476,5.304950463700241,0.5207395403858754,143.46727595235592,0.09657849757938139,0
R16,20.154974539245835,35.012016365460546,666.8869095722499,0.7426794915799435,11.895743904708688,14.857041826214711,1.248937598625829,56.06096725975046,0.06243237056288417,0
R28,22.065448983081414,35.11685898091836,663.630480684538,0.7137448439603076,10.937349824741796,13.051409997836945,1.1932881554462904,60.67561990047299,0.06525756745438627,0
R33,22.586787911283807,25.50965911389004,882.1317415285226,0.911479223110743,3.264277431921531,2.9228712026062347,0.895411393046232,270.23798066368767,0.27922847923321176,0
R28,19.98691486944072,28.20890707294728,1121.12068083204,0.909531756930828,10.723593478414475,8.22199220350656,0.7667198705412146,104.54710756135471,0.08481594894114783,0
R11,23.473515510882176,33.429350131525325,868.1568233277428,0.8258339593532129,11.11166409697184,9.955834620643149,0.8959805240473676,78.13022565758928,0.07432135746240474,0
R12,20.86943044720184,26.652514528249608,803.7985215896748,0.586880796567872,6.016872426337855,5.783084081047768,0.9611445400991523,133.5907535734314,0.09753917899254423,0
R41,25.887753786217207,35.12300562575982,768.9716649438051,0.5956302089572934,9.657041706540872,9.235251839542617,0.9563230770027047,79.62807744973992,0.06167833038909455,0
R17,20.192596278539742,27.61689067978858,1164.7326792944143,0.7356435836990822,10.57302797776284,7.4242944012488366,0.7021918807803772,110.16074881709162,0.06957737984296321,0
R16,20.153734779084303,26.401518186702955,527.975525218174,0.6574597943064838,3.9570935363019712,6.247783407618652,1.5788819117622888,133.42508090207636,0.1661471451900277,0
R20,24.751732346367916,29.55114433360996,940.0331140122707,0.91852056262147,5.044616013211634,4.7994119872420455,0.951392925580974,186.34383896620955,0.18207938130789417,0
R25,20.99370949619684,28.5124430830576,581.4284222604,0.6801889099651738,4.939768819121987,7.518733586860762,1.5220820775570565,117.70356944836647,0.1376965066324851,0
R14,23.71851444999968,33.8844353103014,891.236487368102,0.6163815735506444,11.132470599121156,10.165920860301718,0.9131774272194582,80.05738523472587,0.055367904910461126,0
R27,24.214161338573945,34.16099750846139,643.0653882143702,0.5554947346067405,8.043965678823959,9.946836169887447,1.2365587531126427,79.94382545754316,0.06905732281641892,0
R08,21.244698277330887,24.50370598809822,1018.5184549602212,0.706380564633013,4.1596384080022935,3.2590077107673316,0.7834834163704392,244.8574503497227,0.16981778110185763,0
R40,21.129555534398744,29.37312801585761,982.0838351001644,0.9590382760995751,9.659137086902373,8.243572481458866,0.8534481297130581,101.6740756720239,0.09928819391123613,0
R03,23.77732550710192,34.16554267363508,734.9627724289085,0.9024533884207192,9.785657132371057,10.38821716653316,1.06157583757649,75.10612343014185,0.09222205276694131,0
R19,20.17859235387053,31.677814633900702,758.1950439770698,0.5562901952059685,10.85478455609515,11.499222280030171,1.0593690018078854,69.84892607116095,0.0512483865830024,0
R30,23.4908083946908,26.4426304107198,804.7913714418175,0.7835853899596927,3.4151120790216045,2.951822016029002,0.8643411834596859,235.65591782053087,0.22944646378463285,0
R41,23.900615183947156,26.70407117385522,1409.8654625415595,0.9514474975959936,3.433285523805181,2.8034559899080627,0.8165519501567509,410.64614427377325,0.277124489355457,0
R41,20.9903388703101,30.94638478197806,996.0761747658764,0.8130880857965691,11.901255225151566,9.95604591166796,0.836554272916298,83.69505198584557,0.06831952348002975,0
R12,20.53242405242927,25.00383256253595,1481.1702417172382,0.997718758095655,8.245261515751407,4.471408510106681,0.5423003869027909,179.6389646207912,0.12100510774456993,0
R20,20.973377543353266,24.84009306976214,1034.4595108557992,0.7441873144914694,4.982027712395836,3.866715526408875,0.7761328819564891,207.6382490370235,0.14937438277186796,0
R35,16.593535414001526,24.018434696549395,1181.3308342183318,0.9394894501411336,10.4635811938508,7.4248992825478695,0.7095944634052543,112.89928489421692,0.08978660677792126,0
R12,20.02672203072087,33.23450471627588,666.331049135511,0.7322166181127714,11.196089214916256,13.20778268555501,1.1796782279975608,59.514624825226974,0.06539931971399963,0
R22,19.971162245664,26.88187411658597,1038.6190412421577,0.8156537765459944,8.463806208468785,6.910711870921968,0.8165016661188663,122.71299881641048,0.09636961863917215,0
R07,21.584737894035243,24.505576911623557,882.0717895959849,0.6170922234077428,4.185240946248347,2.920839017588314,0.6978902899739993,210.75770808050484,0.14744484996996524,0
R41,20.515058828603905,28.490854739581184,700.005860685995,0.8170520156881657,7.556394535456825,7.975795910977279,1.0555028424670654,92.63754789421883,0.10812723076519065,0
R12,16.996394277224272,23.370467925188365,945.1882483892146,0.9536900823564236,8.436645093640973,6.374073647964092,0.755522316894482,112.0336624212911,0.11304138929291419,0
R45,20.21133475382316,27.494378761454,770.6601434953249,0.5980488563691965,7.338369523008743,7.283044007630842,0.9924607891161064,105.01789819645836,0.08149614904156469,0
R13,22.595842130519607,30.79101007706928,778.3639581934178,0.927067998825252,7.833067395162225,8.195167946549674,1.0462271716966314,99.36898521697165,0.11835312426876574,0
R33,18.249655060708516,22.576945448173284,1133.5009488561498,0.9012928397899064,6.049745844048765,4.3272903874647675,0.7152846580689989,187.36339973210502,0.14898028165538937,0
R41,21.361892128666764,28.442268711842143,703.1605252397198,0.5435463833978857,6.573135371134725,7.080376583175379,1.0771688370010077,106.97490398989497,0.0826921024302673,0
R39,21.87185939974301,31.05198491088517,690.0507791967076,0.5148341115323699,8.173015988379737,9.180125511142162,1.1232237308961976,84.43037186979822,0.06299193740283303,0
R46,22.6876896462486,26.804504017430062,961.7140070877682,0.694936176470772,4.486835454040651,4.116814371181462,0.9175318358229598,214.34126946235344,0.15488336570153075,0
R45,22.28973532931511,29.07704832064735,955.2085488799376,0.654686358931391,8.471146926816335,6.787312991332239,0.8012271596714092,112.76023862319295,0.07728426440803551,0
R18,20.659499956547524,24.335592539590856,1199.2467043181346,0.8326460509890277,5.310248054790413,3.6760925830433315,0.6922638161370074,225.8362871083368,0.1567998410616415,0
R47,21.550288036383844,28.445163538217223,750.2100444660798,0.875589023904209,6.770530111687279,6.894875501833379,1.018365680101098,110.8052149670036,0.12932355509249838,0
R39,22.46472055536773,27.87616357897406,1084.0860782763425,0.8230480875025314,6.71407793475057,5.411443023606331,0.8059845411680299,161.46462534570156,0.1225854235683828,0
R14,22.76307712517866,28.737110435443192,1234.1263075967538,0.9566434737881184,8.724864417685879,5.974033310264531,0.6847135983173296,141.44933932670608,0.10964565499137599,0
R27,22.633885234024326,30.4946551682745,1119.3526504306803,0.7649957614632094,9.668831252471207,7.860769934250175,0.8130010472818089,115.76917842521976,0.0791197758537453,0
R43,22.3197127839948,30.764775686290506,658.4740586504388,0.7885999433672755,7.374004444178427,8.445062902295707,1.1452478726077866,89.29667233524465,0.1069432422148665,0
R31,24.095884123504284,31.353603274099527,775.6569146925924,0.9083616012792723,7.199470062274942,7.257719150595243,1.0080907466544688,107.7380568268513,0.12617061997924905,0
R36,21.468460827012034,33.05724959613633,666.4190576069843,0.6376905871277092,9.05669960154989,11.588788769124296,1.2795818873291418,73.58299236213364,0.0704109239770501,0
R34,21.281954872288427,27.03800783419312,916.0524132815028,0.7250616805909661,6.458156581236432,5.756052961904693,0.89128420618174,141.84425567243247,0.11227068769090622,0
R11,24.065092408683316,32.135032471800606,878.1394981579424,0.6855862117188138,8.239788719347025,8.06994006311729,0.9793867704603966,106.57306007083297,0.08320434359063811,0
R39,21.691068962264048,29.83529872919159,767.3287161680811,0.5828141735141327,7.605132479233606,8.144229766927541,1.0708859824816965,100.89616693244078,0.07663432229557489,0
R10,21.698788161126316,29.373490350062244,877.7752268265604,0.8184511587273716,8.812401476578358,7.674702188935928,0.8708979282586917,99.60681309850844,0.09287492869028435,0
R49,22.543746325540035,25.888828571038243,1131.251281051584,0.9235697448468924,3.9113392315364304,3.345082245498208,0.8552268283270873,289.2235150381503,0.23612621922443194,0
R38,21.052321305858168,28.405023516325173,770.2264758820953,0.8441371178901185,7.086014590765034,7.352702210467005,1.0376357706135033,108.6967104027567,0.11912720572015957,0
R03,21.82327408158933,37.87561576576392,575.2741021486686,0.6921033564929001,11.67615666405932,16.05234168417459,1.3747967028898915,49.269131847077276,0.05927492893473084,0
R42,19.807753950523864,28.49822466726551,602.5315215995137,0.656603130535087,6.55890841193623,8.690470716741647,1.324987356268963,91.86460364395342,0.10010859876319782,0
R37,24.34624927517328,33.88364478862416,992.5198297547104,0.6569833586886764,11.603269460597874,9.537395513450878,0.8219575996091236,85.5379454148753,0.056620537937143146,0
R49,27.265848873859703,30.463460289121496,740.1818828514006,0.803438670788465,3.793815334108836,3.197611415261793,0.8428484608919188,195.10224343201162,0.21177590368330146,1
R45,19.8731959868581,26.900426417234605,1056.5060908694802,0.9168249809687928,9.85711631344383,7.027230430376505,0.7129093547158689,107.18206595863566,0.09301148041830067,0
R49,22.341663796826595,30.27712244720481,828.6543062862897,0.8386936607593585,7.567017295077679,7.935458650378216,1.0486904338834018,109.50871049618544,0.11083543595240969,0
R01,21.5894258170238,32.75524202903741,658.019950276008,0.5695983506728477,8.224208408943264,11.165816212013613,1.357676709635854,80.01012590591166,0.06925874471437865,0
R17,21.62039496050516,33.48890173617946,689.6875566304965,0.6502446928002161,9.61120130809272,11.868506775674298,1.2348619485975083,71.75872552474509,0.06765488225209726,0
R39,18.95095742676165,27.620600052031698,613.5081579540297,0.5197297664454497,6.556239689378868,8.669642625270047,1.3223498584584847,93.57622463802156,0.07927253899631122,0
R27,21.276473862326373,29.88780593905745,1056.284564026722,0.8610716177279529,11.185091498435176,8.611332076731077,0.7698937534785322,94.43682818102104,0.07698386891590643,0
R17,20.18127046071877,32.225797543052416,606.931693965837,0.733391038615594,9.12680303664437,12.044527082333644,1.319687412336448,66.4999224294629,0.08035574293331503,0
R32,27.34702194079296,35.472701033096016,776.9975377588046,0.65122373914469,7.4273799009515615,8.125679092303056,1.0940168943374005,104.6126020373967,0.0876787976149245,1
R23,24.112113618132103,29.96915214742913,902.1259518170976,0.7556377311003756,6.478864561407251,5.857038529297029,0.9040223751837223,139.24136602435013,0.11663119732452722,0
R14,24.561468917120788,30.8960010148536,925.0340452307752,0.7217279181909521,7.103813481839432,6.3345320977328115,0.8917086736478579,130.21654462009477,0.10159725055225842,0
R35,24.33161203841677,28.901586846738933,822.6134628875515,0.5546321051548107,4.804270639755625,4.569974808322165,0.9512317583662652,171.2254626290984,0.11544564133527303,0
R32,23.44539201904524,29.281259821101408,659.1230580411225,0.6559495400021402,5.163441498295354,5.835867802056168,1.1302283184544275,127.65188842726769,0.1270372754719297,0
R50,20.45424466435278,25.673568120323395,1162.9802020623167,0.8438610212152804,7.291591214860354,5.219323455970613,0.71580033797473,159.49607812519008,0.11573070902486704,0
R21,23.906250090752174,29.56135971281988,922.9767573889264,0.9022186038397524,6.228439728753122,5.655109622067705,0.9079496420205078,148.18747512769113,0.1448546735829727,0
R07,20.772406246314247,25.179363900949,560.4152454637133,0.5220809680889156,3.020857931143325,4.406957654634752,1.458843068785701,185.5152603126917,0.1728253959600543,0
R13,23.169006432238614,30.061467449638503,1173.532041286926,0.8844613910538205,9.780851300312722,6.892461017399889,0.7046892755827416,119.98260736766386,0.09042785376213026,0
R02,23.92370871240988,26.62824102822272,964.3435082367208,0.6995500940368615,3.939637167732733,2.704532315812841,0.6864927404899329,244.779777217835,0.17756713734109014,0
R31,18.21277066609243,23.116213968713502,599.414819540311,0.6744102669847396,3.594088597262174,4.903443302621074,1.3643078543907659,166.7779753668065,0.18764430779432567,0
R40,19.66798222184955,23.142652021288903,915.3129486772564,0.9210372186992896,4.016384784174102,3.4746697994393543,0.8651237334457381,227.89473565478468,0.22931996514091077,0
R26,23.745838373541574,31.732429813765457,638.5182794672834,0.6476452470239716,6.625859543693734,7.986591440223883,1.205366849018894,96.36761468555476,0.09774509144860732,0
R14,24.300592052602788,31.19595555902153,517.6231182333337,0.6330840062577687,4.3709663051808185,6.895363506418743,1.5775375569117993,118.42304014556356,0.14483845494470798,0
R17,24.7213171916773,29.59070402350104,1269.3130221532128,0.9894905575874045,8.764284379582595,4.869386831823739,0.5555943441506227,144.8279137439017,0.1129003253126446,0
R22,24.60147461177603,27.430106235734428,1284.2944891413565,0.859895726677343,4.690585672839967,2.8286316239583975,0.6030444429012574,273.8025864398648,0.18332374391036538,0
R20,22.95271553871244,31.79654629753976,851.4448291480538,0.6209658401577648,9.14355499101062,8.84383075882732,0.9672201640961344,93.11967062976512,0.06791295516549747,0
R22,20.609061537356773,28.90569248522857,858.6871731038344,0.559976846511945,8.069600378584333,8.296630947871797,1.0281340535635413,106.41012352763815,0.06939338012301706,0
R31,20.747619935556862,26.77214240165607,739.0554943521232,0.5669141814998466,5.55846683634765,6.0245224660992065,1.0838460754508688,132.9603137180433,0.10199110621524439,0
R32,17.853158222127234,23.1968776706168,1200.5762608329028,0.9478633629630864,8.341371866783412,5.343719448489566,0.6406283683106198,143.93031266400874,0.11363398948050978,0
R44,19.30825815305357,32.23042197737846,580.155223450094,0.6581350748646534,9.668136505368643,12.922163824324894,1.3365723391627036,60.00693340727432,0.06807258818689578,0
R27,21.77529221705924,29.30059883353553,1199.1016625435657,0.7859045818035768,10.798931835741785,7.525306616476293,0.6968565716443728,111.03891392061914,0.07277614061813296,0
R06,21.86890478643799,28.8387287941484,855.7800177717801,0.982039208245054,6.395862485668736,6.969824007710407,1.0897395032066046,133.80212906223886,0.15354288971120278,0
R33,21.17108379645935,28.225390525527494,1236.2720127386267,0.9221243512029093,11.37153868894582,7.054306729068145,0.6203475995667657,108.71633527839083,0.08109055216065868,0
R43,22.177315181922875,27.47339118032366,1384.913581583948,0.9830237525643386,8.997468722203859,5.296075998400784,0.5886184394652224,153.92257804311924,0.10925558986811956,0
R30,17.149571444254796,21.630547568749098,964.5262605767522,0.7377033039250369,5.420712284358474,4.480976124494301,0.8266397272963939,177.9334910210792,0.13608973603961386,0
R41,21.42721625300645,29.613478753818654,726.323396421074,0.555488762292574,7.283709579104903,8.186262500812205,1.1239139084150878,99.71888479803063,0.07626454024006243,0
R37,21.258818953855094,31.58528635180073,897.0443105923437,0.9251740005599476,10.39961898134781,10.326467397945635,0.9929659362007996,86.25742079601507,0.08896229777449435,0
R22,20.51598772868472,23.970881376373,1079.003093416842,0.838906600155022,4.941666112588087,3.45489364768828,0.6991353865222709,218.34803664056903,0.16976189427651628,0
R07,22.27659737957162,24.515648999627263,1372.022649592791,0.8685482752160256,4.131518420930036,2.239051620055644,0.5419440002282784,332.0867801634872,0.21022495526487542,0
R01,18.51230376673421,31.07897405773898,704.3603226193694,0.6437047982327899,11.01193502372557,12.566670291004769,1.1411863822234214,63.96335622229902,0.058455194009582066,0
R10,21.56392824360356,23.641148790741585,737.7301138268689,0.689547024335968,3.1322404978945846,2.077220547138026,0.6631740278354369,235.52792779569546,0.2201449808210655,0
R47,23.234060340641392,28.36496159043439,965.7465522409854,0.9530329428431826,5.972185014027648,5.130901249792998,0.8591330037065803,161.70740691599653,0.15957860324230916,0
R26,22.24151361237893,30.83391579982488,930.8940693019084,0.6559319289584415,9.097880407130578,8.592402187445948,0.9444400017295836,102.31988415370996,0.07209722480462005,0
R12,21.52460975062072,26.209159188709958,720.0633039725982,0.5084738324447905,4.1299519328638805,4.684549438089238,1.134286673123766,174.35149746967548,0.12311858363256872,0
R06,20.30677658173334,28.414938956954387,714.9663458273182,0.6660496826965683,6.919568629249716,8.108162375221045,1.1717728097886078,103.3252770707531,0.09625595443639491,0
R12,23.34043979455468,26.49395757076037,856.0271763981506,0.6499002637826179,3.012182631439213,3.153517776205689,1.0469211737997925,284.18833820482627,0.21575725754453914,0
R08,22.624139195589937,27.14342642324372,875.5180076154728,0.5761638928313394,4.8638542635891415,4.519287227653784,0.929157615080125,180.0049837367885,0.11845829698157441,0
R34,22.04177297659192,27.870171119633,1030.16029640849,0.8737222032983469,7.356693627391814,5.828398143041081,0.7922578318797594,140.03033816343867,0.11876560960009826,0
R15,23.53668589897229,31.781421787314017,856.4659452504719,0.8884640051636128,8.051641886535624,8.244735888341726,1.0239819411403535,106.37158946210698,0.11034569317462427,0
R26,22.04276442220941,34.89189803052244,671.3758956686091,0.6575735195662766,10.624749951302237,12.849133608313032,1.2093586830001737,63.18980670093992,0.06189072896587842,0
R04,23.27703572118897,29.315822409247204,843.6980380988645,0.8370651477680315,6.493491355142959,6.038786688058234,0.9299753180198522,129.92980077360707,0.12890833328130347,0
R24,24.22903256843692,36.45780955365787,652.8438356779205,0.7694065045198095,9.524830529316471,12.228776985220946,1.283883943927611,68.54125474133454,0.0807790230127091,0
R50,18.78467794576388,21.478081289133616,944.4168538550178,0.8154608951145816,3.0705743169472512,2.6934033433697344,0.8771659843906666,307.57010134636704,0.2655727596670933,0
R21,22.563470127658743,30.80772476827279,1250.4728107336696,0.810454295108854,11.660791826890058,8.244254640614049,0.7070064162883523,107.23738398708483,0.069502509532837,0
R46,19.15208569509971,30.35115491519234,486.7704513161426,0.5219499713215026,6.895344019885224,11.199069220092628,1.6241494532826866,70.59407767217466,0.07569600150714317,0
R43,17.24866797781477,25.544241993690424,907.3167790928644,0.5684995315268357,9.06914081121122,8.295574015875655,0.914703408907348,100.04440310059411,0.06268504849148002,0
R44,22.09592289196309,32.23363958321449,934.2866001835024,0.5984628522267141,11.645642779618798,10.137716691251399,0.8705158558524186,80.2262801516298,0.05138942208274603,0
R11,20.355136845490275,27.33126093288648,902.9531336987616,0.9596937022863364,7.130671314395688,6.9761240873962045,0.9783264127337524,126.62947061882424,0.1345867254249776,0
R17,20.71702618191138,28.70012133156519,1203.357670133545,0.7607298193607359,11.641220439649024,7.98309514965381,0.6857610154399323,103.37040487911469,0.06534794382638386,0
R08,24.971736551035367,37.20094662558696,645.5888393814364,0.6549999685858947,9.957801375277196,12.229210074551592,1.2281034350528173,64.83246803699829,0.06577756915418102,0
R20,23.236976760912952,29.223101940474272,1062.1935584164153,0.8858134554893038,8.085767812074806,5.98612517956132,0.7403286018950477,131.3658248793885,0.10955217563463578,0
R42,22.120643829065944,32.290170284614355,756.5414037030639,0.5230283670949782,10.242778097907252,10.16952645554841,0.9928484595039887,73.86095807910125,0.05106313561570181,0
R48,26.19944357833303,31.3243720494102,588.1507685032478,0.7143510104932168,3.858593495818896,5.124928471077169,1.3281856398271679,152.4262063730107,0.18513248707521923,0
R10,21.985599908419328,31.972207209316934,918.4702561400886,0.576903512320804,11.112447869777414,9.986607300897607,0.8986865376492102,82.65237928702075,0.051915070296060656,0
R25,22.49502383315241,32.88302088258712,764.0273622039734,0.6858620332011716,9.849071311458529,10.38799704943471,1.0547184319144067,77.57354353959188,0.06963722888301473,0
R49,18.319341927531656,25.89032871455914,827.5956884459175,0.6377739696097418,6.999288143173629,7.570986787027483,1.0816795411418272,118.23997976895228,0.09111983341216771,0
R01,22.02854613567287,26.06962717999318,914.3040655661064,0.5957964728674129,5.1635902160415625,4.041081044320311,0.7826107175906432,177.06751064901835,0.11538415093755326,0
R11,22.88284299898185,30.57606562294797,961.4878246971418,0.6143472047001823,9.765949557351838,7.693222623966118,0.7877598157543867,98.45308119304494,0.0629070630656391,0
R41,23.098461593003297,34.58565359684529,908.8724115851552,0.7908111464945968,11.55413253517766,11.487192003841994,0.9942063559395862,78.66210715672564,0.06844400859059707,0
R26,24.84051386488392,37.48074423142059,654.3088770405118,0.5719071751574069,10.556936901379114,12.640230366536667,1.1973388194529608,61.979045925247085,0.054173590360542485,0
R23,19.49521311117376,27.75551407907933,721.6225889603982,0.7487699260730512,7.287021599709889,8.260300967905568,1.1335633982798168,99.02846850201836,0.10275390512124476,0
R19,19.18849053869409,28.599310026595195,675.8881628956319,0.5164048120643042,8.34422232728654,9.410819487901104,1.1278246334744308,81.00073756249304,0.06188771005964244,0
R35,21.04286551596777,27.44764760123681,1020.9096530669729,0.7047060359085091,7.562283941656512,6.404782085269041,0.846937530339026,135.00017467518464,0.09318693153356311,0
R34,16.150149641606646,24.84885005315121,987.2851238674676,0.6763013029644291,9.965155995935987,8.698700411544564,0.8729116147396075,99.07372491410115,0.06786660472151564,0
R23,26.84481107757988,37.84545062981997,861.0939394135895,0.69591198164175,11.379089737967698,11.000639552240091,0.9667416116365739,75.6733586993735,0.06115708704886615,0
R06,19.8255081222744,22.16921132894345,967.6964464623784,0.9865390814861664,3.4917097800087507,2.3437032066690513,0.6712193608092989,277.1411450066028,0.2825375370927002,0
R03,24.213980825957005,41.23065118928968,501.1755577773372,0.5259504717936545,10.944609426060795,17.016670363332675,1.5547992350291981,45.792000268548755,0.0480556638724161,0
R36,19.875405689667254,26.636302742670686,1051.8495651180515,0.9242126895452624,9.677066942628436,6.760897053003433,0.6986514708522903,108.69507996111408,0.09550545583951829,0
R25,19.24654059499274,26.38826661501109,572.3286547651628,0.6357192888171002,5.275322454802805,7.14172602001835,1.3537989537523563,108.49169120346346,0.12050813846238405,0
R22,22.170636285130048,26.71622207174416,1056.8288462440703,0.7953189169973189,6.5387568092513,4.545585786614112,0.6951758444637108,161.62534822350722,0.12163151806962284,0
R10,23.550558792590845,26.161588418665065,770.3438089111385,0.6345098233991553,3.1860423200271404,2.6110296260742203,0.8195213257719621,241.78706104085154,0.1991529803012002,0
R22,23.940786779693703,29.531882109618863,830.6042228552191,0.800776939649912,5.387935237999203,5.59109532992516,1.0377064836438903,154.1600234904943,0.14862408404657784,0
R38,21.90278621025437,32.141149988544704,801.0009491172896,0.8542448487463987,10.026586678808108,10.238363778290335,1.0211215547490187,79.88770004953541,0.08519797176360175,0
R02,22.460141518382805,30.11157221423445,1002.3435676890714,0.8571633178674988,9.274884437186731,7.651430695851644,0.8249623752910592,108.0707338703083,0.09241768171588072,0
R39,23.283631060483383,38.09973273542518,554.4382994470743,0.6723020422237798,10.65424453284754,14.816101674941795,1.3906290238846173,52.03919412002557,0.06310180324386593,0
R03,25.26826998697773,26.95680866982005,1179.577298357067,0.8823595707381395,4.069869520593648,1.6885386828423172,0.4148876700587738,289.831723692461,0.21680291377238917,0
R17,20.575011614383524,27.482450105010795,830.9681170426206,0.5815176684657954,6.424659388829051,6.907438490627271,1.0751446999101086,129.34041584951194,0.09051338495499324,0
R19,24.150786891292157,34.26692223084046,808.4525562124744,0.5621914156206622,10.039541367821217,10.1161353395483,1.0076292301531407,80.52684147542139,0.05599771892196198,0
R04,26.57961159492092,33.814671719941224,1024.4583633329114,0.7505439401310985,8.030825706897966,7.235060125020304,0.9009111128891578,127.56575733588231,0.09345787936680398,0
R01,22.374328040972323,29.46137049441704,663.1605446941204,0.7411321806260961,5.779509816066067,7.087042453444717,1.2262359056375212,114.74338928374954,0.12823443582808233,0
R31,24.119872768093245,29.223395545921544,965.6837253038844,0.6450227659812184,5.788090732881893,5.103522777828299,0.8817281921369006,166.8397697738007,0.11143964318265986,0
R07,22.0541080813779,25.35260502043518,1432.6464554734678,0.967648549272664,5.81576844769617,3.29849693905728,0.5671644200972152,246.33829017745526,0.16638361000359006,0
R16,19.54624893097242,26.70714489675983,484.1640773448677,0.5934572203042308,4.465335447091774,7.160895965787407,1.6036636106367381,108.42725772376153,0.13290316647783834,0
R12,20.629587604281188,27.987602321683152,924.602843581709,0.6670249828343846,8.591632041446491,7.358014717401964,0.8564164156363434,107.6166715615119,0.07763658634548366,0
R33,21.135524321670747,25.668501792932634,965.9392693214032,0.7163834397996314,5.571824921334354,4.532977471261887,0.8135534650245828,173.36138212506464,0.1285724964287051,0
R47,20.882010544236003,24.68886498244748,1415.073819933246,0.9910247685079812,6.432969372719803,3.8068544382114773,0.591772510896002,219.97210587293148,0.1540540162853262,0
R23,20.07248214757878,26.60995391875856,771.3750556658209,0.8754698991816592,6.765004776920521,6.537471771179781,0.966366172198874,114.02431795723822,0.12941157146975132,0
R10,22.77634051533598,38.111833611479504,586.7059283648872,0.505740329874689,11.232580034608532,15.335493096143523,1.3652689808479948,52.23251706706709,0.0450244136535382,0
R41,19.783485076368027,26.903786527773864,970.0473591596016,0.8522772140137227,9.640964863511456,7.120301451405837,0.7385465616988529,100.6172486771504,0.08840165129523189,0
R03,23.89689269972307,28.407833068934583,752.5143671766989,0.741519848779445,4.847996448361198,4.510940369211511,0.9304751802646999,155.2217241064763,0.15295387624099974,0
R22,25.531418532900805,29.81172259718244,747.9751897107859,0.797679830629302,4.295477222150078,4.280304064281637,0.9964676432713462,174.13087092017938,0.18570226062798856,0
R19,23.622793108983185,31.29330163307932,835.7273407805426,0.824252410059344,8.612839004612395,7.670508524096135,0.8905900272823377,97.03273686330247,0.09570043160193008,0
R33,26.310665496381237,33.31199027559157,966.4487567688176,0.7917784836624093,9.04850434877028,7.001324779210332,0.7737549222885476,106.80756946314128,0.08750379655506432,0
R22,19.11096532599545,32.663124212780204,713.657503828922,0.5033410646119438,11.451513863704683,13.552158886784753,1.1834381941184229,62.31992663352952,0.04395410690697167,0
R45,21.345763606822377,28.837831996068985,642.9180128016459,0.5076974458456542,6.673365217800283,7.492068389246608,1.122682206761672,96.34090025325612,0.07607817484519522,0
R01,20.33720106546509,24.257818704373896,1116.3714155158486,0.8628629551820517,4.984353241259737,3.920617638908805,0.7865850290173083,223.975180224927,0.17311432665714782,0
R38,22.450615844081884,27.68544489213772,578.2040474580857,0.504159971113596,3.917037907856431,5.234829048055836,1.336425424312668,147.61257385290494,0.12870949502490103,0
R25,25.49916780841084,33.84006173022866,722.2000628720098,0.6293558210777205,6.90618875437883,8.340893921817823,1.2077419570279377,104.57288217239977,0.09112925282829563,0
R41,22.588448258026983,28.007344922265887,748.2810197674733,0.8570263616890634,5.178198719827895,5.418896664238904,1.0464829484989346,144.50604549072682,0.16550665744198167,0
R32,21.507380489266385,37.9076597717016,558.3910706424934,0.514752027572603,11.203691639927849,16.400279282435218,1.4638281567825115,49.839917822487436,0.04594485854449293,0
R50,22.815753564750644,30.18124202385449,1075.1423925270117,0.8033658623587182,9.594601273075488,7.365488459103847,0.7676700937821137,112.05701643319897,0.08373103159723118,0
R19,22.660581726266283,27.907017470189505,917.1879252055317,0.6416523812124653,7.441508929389674,5.246435743923222,0.7050231066985383,123.25294962466116,0.0862261118411493,0
R27,22.307663832156518,33.193503634814405,585.9910297027014,0.5342293596667891,7.693041217501921,10.885839802657888,1.4150242400745552,76.171570271787,0.06944319477340115,0
R25,21.159209755276745,25.201053028830398,1428.929983945833,0.9325966736989056,6.002461101261389,4.041843273553653,0.6733643426201094,238.05735011686292,0.15536904912268817,0
R43,19.69275201943465,26.108417793556075,1099.7691079734586,0.9168215670719791,8.741588364162649,6.415665774121425,0.7339244891035289,125.80884184413377,0.10488043235147242,0
R15,21.22573870042097,24.235816574166773,943.3069363144562,0.9123716186735038,3.5760571194775883,3.0100778737458036,0.8417309268777937,263.78407972752404,0.25513340200974993,0
R04,23.95784801373085,31.491220052407677,827.4209754485221,0.7038164289898279,8.312093932358035,7.533372038676827,0.9063145941301587,99.54422822719393,0.08467378192755386,0
R38,23.085408795953448,34.742755342148534,584.4938337341271,0.6301182989926146,8.896563430719041,11.657346546195086,1.310320174410639,65.69883284549199,0.0708271574636193,0
R07,21.79175169155096,29.363306634084516,1056.5877224568214,0.9132440450978812,9.485089937799655,7.571554942533556,0.7982586345712606,111.39459186845917,0.09628206491310666,0
R42,22.963732123436984,31.75151836430709,734.7750091312663,0.6784429875855551,7.819984333917053,8.787786240870105,1.1237600825816842,93.96118684590962,0.08675758909682126,0
R46,22.17178601258666,29.72643833278064,1036.3531039089369,0.976407508501253,11.224095994859333,7.554652320193977,0.673074457279591,92.33287958189145,0.08699208461407051,0
R39,22.616521681124983,25.5907731813121,1004.0196898617904,0.6593044813818036,5.08605231260415,2.974251500187119,0.5847858648280888,197.40648112754354,0.12962990564370108,0
R05,21.221196913939604,27.339736274755182,1366.495374356709,0.9189541874259016,9.092467046971535,6.1185393608155785,0.6729240072256852,150.2887354221265,0.10106764013315632,0
R22,20.465964946196,26.705865930539314,823.6210407468656,0.7295946168662809,5.663485999727909,6.239900984343315,1.1017774184739044,145.42651659886417,0.12882429953942376,0
R48,23.951633438689417,31.36177058798952,467.0423577664031,0.5826422450714788,4.05796170135198,7.410137149300102,1.8260737026747411,115.09284516184563,0.14358002562650146,0
R18,25.144484333039305,30.324340555066165,829.3986277040664,0.7706848050786343,5.671080138178655,5.17985622202686,0.9133808896748269,146.25055677143703,0.1358973575228211,0
R14,21.49031632389196,24.48712646592634,1034.4937509100344,0.8173196282436903,4.0934585197898885,2.9968101420343807,0.7320973517983035,252.71875747824444,0.19966481260096955,0
R11,20.52602763916649,27.25627556637539,588.5360800860933,0.5288660796125586,5.208170827495899,6.7302479272089,1.2922479216075982,113.00245317972085,0.10154545561763738,0
R28,23.07275570520341,29.054734877594957,1124.0057312018212,0.9931233359757008,8.147209834655406,5.981979172391547,0.7342365415637488,137.96204516798997,0.12189735579796883,0
R03,16.728504521966244,26.024110410983585,797.7576843683456,0.8510730480909148,9.267868263324964,9.295605889017342,1.0029928808766242,86.07779714837467,0.09183050771867378,0
R01,20.149150747880824,30.43601005154747,683.7387299191159,0.766252033207991,8.682770290965387,10.286859303666645,1.1847439191579614,78.74661047183997,0.08824971841133389,0
R29,22.583522885067094,27.013367859973027,1197.993010249077,0.990217785135186,6.951860087257456,4.429844974905933,0.6372172223410683,172.32697367499688,0.14243925693358306,0
R03,21.90859953780644,26.048422603493037,855.9939991357265,0.7539025319793895,4.838847450590732,4.1398230656865955,0.8555390737067359,176.90038958166076,0.15580208710389334,0
R15,22.699624685097728,33.46063829624595,838.0483855563498,0.6109502303921864,10.97057787817596,10.761013611148226,0.9808976091000068,76.39054157971933,0.055689885909069994,0
R09,21.89375869396491,27.182724113984133,1337.713367015053,0.9180588516036244,7.820909394128208,5.288965420019224,0.6762596462235044,171.04319965902982,0.11738517931084662,0
R41,21.16999683532976,25.56611131379625,1100.050771246382,0.755280897704669,7.784196570974938,4.39611447846649,0.5647486466179894,141.3184727821699,0.0970274697996319,0
R11,21.91435323737685,24.88487680610656,1001.1986471799676,0.6939130449584656,3.681297545788088,2.9705235687297105,0.8069229753319992,271.9689551651365,0.18849686457765355,0
R32,23.32731205587535,27.423815593239382,699.2304419979145,0.7396300449572688,3.377868860186294,4.096503537364033,1.2127479505341439,207.00343054743425,0.21896351681233628,0
R49,18.24689458791625,21.51266689004577,992.4363438518072,0.6877344642332501,3.666948803173804,3.2657723021295233,0.890596645173487,270.64363238255123,0.18754951354597718,0
R19,20.22980058366572,23.568637186986678,1112.5266450945956,0.8646173714568215,3.630031609197592,3.3388366033209564,0.9197816886390685,306.47850070388677,0.23818452965150422,0
R11,23.30304398267901,33.07693987942697,689.222891028636,0.8543828276145771,8.910565362494472,9.773895896747963,1.0968884127024467,77.34895183302838,0.09588424447350628,0
R49,18.679034664612352,26.703476471503087,715.0536222948272,0.8159943401980945,6.359170407413105,8.024441806890735,1.2618692836940437,112.44448198168497,0.1283177345345018,0
R37,23.337299720321184,29.668491943384403,905.9718488679338,0.6751014955453651,7.689658714575491,6.331192223063219,0.8233385197008362,117.81691262197299,0.0877934275894108,0
R07,21.023240357474,30.247047011311885,749.3181036085876,0.6734813298672793,8.962355522474473,9.223806653837887,1.0291721446117357,83.607272856958,0.07514557173930694,0
R31,25.72925011364616,31.644055284726804,1249.9473373690691,0.8270663685139368,8.374397753912717,5.914805171080644,0.706296183306687,149.25817642051504,0.09876129517821287,0
R42,24.73877534519259,28.613647303841475,969.4124440906604,0.7074856077000391,5.76214061875113,3.8748719586488853,0.6724709122924379,168.2382482884925,0.12278173243425246,0
R40,23.885137097072377,29.14385207298265,1391.399321359533,0.9307568536134468,8.397941834734482,5.258714975910273,0.6261909262290738,165.68337203820664,0.1108315432435803,0
R16,23.02158417705519,26.68574282428718,938.1770487151638,0.8480780725689626,3.692745024427867,3.6641586472319894,0.992258773078895,254.05952550447745,0.22966060937293092,0
R32,24.63972134133096,30.79550773323957,950.2127113039754,0.7746713224513788,6.879781763609605,6.1557863919086095,0.894764776474372,138.11669380707633,0.11260114769177404,0
R01,23.79656371205608,28.961699969740163,1068.6108255322156,0.9129588536580152,7.758519771885921,5.1651362576840825,0.6657373325773653,137.7338534863926,0.11767178282721519,0
R07,23.425256967692857,27.373365028304686,1206.5493862027963,0.8309844723969343,5.381715242328216,3.9481080606118297,0.7336151919669044,224.19420795679702,0.1544088520070856,0
R06,21.1787306160384,27.42834744091484,1240.0303395661197,0.8868312824478328,10.080375066365782,6.2496168248764405,0.6199786003726127,123.01430565848781,0.0879760203969828,0
R37,22.699300094599387,27.41112828925308,776.9879966538056,0.516838201937232,5.336188043475443,4.711828194653695,0.882995156142379,145.60731187196987,0.0968553202635297,0
R46,21.34110442730582,28.87679697788752,1004.3995937505476,0.661513672877047,9.001626521750921,7.5356925505817,0.837147879038634,111.57978964396983,0.07348823807326488,0
R29,23.487753249029275,31.378997626870152,729.597685699208,0.8333859548919487,6.927776388566337,7.891244377840877,1.1390731939420933,105.31484343278493,0.12029631271981818,0
R38,23.513577359973965,26.726703511247283,1060.7237578043373,0.9994463060166452,3.8542614313950274,3.2131261512733182,0.8336554767926954,275.2080461289349,0.2593094225201277,0
R10,19.847073838934392,21.917132153473112,921.2200639255594,0.7329128766115623,3.0514672322471035,2.07005831453872,0.6783813021692935,301.8941361029042,0.24018376106626077,0
R35,18.37592219774076,21.33508550714233,970.6581477444752,0.680213413570743,3.201833002458496,2.9591633094015712,0.924209134932836,303.1570188074034,0.21244500042583356,0
R48,22.479177761448337,33.96782557725784,413.2650729741843,0.5078714564978385,5.809767313958433,11.488647815809504,1.9774712471198466,71.13280973943341,0.08741683256016751,0
R36,26.02454089140153,28.788594366670992,1190.1053479490736,0.9185598139153262,3.3504421501889903,2.7640534752694634,0.8249817043143246,355.20844551276394,0.27416077423199575,0
R21,24.692125953460906,33.996861072752935,594.8004562573303,0.6952968037908911,6.621014597135995,9.30473511929203,1.4053337268455672,89.83524315361258,0.10501363402697386,0
R02,23.40728323158635,34.45994268455324,682.8764953585664,0.6946152358458942,9.366573000296349,11.05265945296689,1.1800110299270816,72.90569297190775,0.07415895181982966,0
R46,16.96571371580751,21.086636686700096,1057.2689114166678,0.8092635293590928,6.343373492934908,4.120922970892586,0.6496421778541605,166.67297181763422,0.12757620692844754,0
R50,20.81528808869589,26.59356760128977,1237.9003379101644,0.9022070298387368,8.845580367367026,5.77827951259388,0.6532391626795927,139.94563233826992,0.10199523291508883,0
R11,20.96121402717125,29.30508078109264,1015.633378599517,0.6812156613079146,10.495487116821682,8.343866753921393,0.7949956644268782,96.76857941845374,0.06490557834291402,0
R25,24.46174902630947,37.291737933757226,589.7986437446671,0.6376441067259301,8.83775061091934,12.829988907447756,1.4517256112201073,66.7362850243761,0.07215004527714317,0
R15,23.274743955175587,29.11699064915141,658.6461449700249,0.521171139386192,4.837499032514187,5.842246693975824,1.2076998165185038,136.15426908472324,0.10773565759564077,0
R50,23.69303618345468,26.158357033994616,1145.526740961463,0.8895512931978934,3.1723038119715303,2.4653208505399355,0.777138949061686,361.10246964320186,0.28041175937844776,0
R20,19.79363448538353,29.82729832495811,914.49306276821,0.7679675394260591,11.648281322359422,10.03366383957458,0.861385775454658,78.50884070019822,0.06592968680726395,0
R37,21.16136890933656,33.144125989746634,708.6459778058152,0.821288805161817,10.504127558269444,11.982757080410074,1.1407665238201121,67.46357314062975,0.07818724597601179,0
R43,22.390049968056253,26.733910148524124,587.4068644065302,0.5158718826864943,3.467904167799367,4.343860180467871,1.2525894518083989,169.38382261562947,0.14875609524523045,0
R16,24.425641970063733,31.861451603156755,959.07226816658,0.7983882099808448,9.21611794033206,7.435809633093022,0.8068266575183507,104.06466956867354,0.08662955651716395,0
R09,22.57730786161497,34.8696408724257,781.7344733555913,0.5150130026646964,11.975141099132424,12.29233301081073,1.0264875302138432,65.27977139344324,0.04300684212414066,0
R08,20.359756559807582,30.840994651009563,801.2464770078718,0.887955766403653,11.466959697205509,10.48123809120198,0.914038103208495,69.87436061217997,0.07743602400730921,0
R12,21.58828113823932,26.982272054513107,1436.0689967828846,0.9262737106229852,10.352765165446533,5.393990916273786,0.5210193441146344,138.7135681948934,0.08947114088074976,0
R50,21.7767953383142,29.22214868715705,689.1667844098498,0.5840590641996479,6.7459625296081445,7.445353348842847,1.103675467535591,102.15988917594562,0.08657905549225967,0
R20,18.595573467839976,25.156851640982588,1384.7472005006628,0.8796462534592369,11.757691181210683,6.561278173142611,0.5580413766631179,117.77373458435027,0.07481453968317785,0
R40,19.170048256247902,23.412882530245536,795.5322586926804,0.8152904707915462,4.865456811609008,4.242834273997634,0.8720320492567537,163.50618030244067,0.16756709644328946,0
R13,21.17400435571313,23.964856991702582,875.9342682366942,0.6052534698326715,3.563083579975064,2.7908526359894523,0.783268922366672,245.83601495051775,0.16986788444544634,0
R24,23.1462556264824,27.721066935163744,642.9455884591612,0.541368417809095,4.394327800290984,4.574811308681344,1.041071926490875,146.3126142789317,0.1231970946212175,0
R32,19.84032169242296,22.62295642952482,1053.0180682115567,0.739248058127981,4.403827773290399,2.7826347371018585,0.6318672937163395,239.1142711343535,0.1678648884980437,0
R44,18.228466162491515,24.816587702414868,644.0967624279227,0.7439171592720062,5.462763760746945,6.588121539923353,1.2060052069728406,117.90675757500684,0.13617963211542713,0
R42,23.259829724092587,29.05973461236508,649.5694327334087,0.6819048205704668,5.537271386142562,5.7999048882724935,1.0474301300794453,117.30857807674101,0.12314816685289885,0
R12,24.447706397147456,32.685023922134526,978.6811428052856,0.9311014868290944,9.993443570865804,8.23731752498707,0.8242721807127202,97.93232291404188,0.09317123574335913,0
R17,16.91300363408905,27.93784975665601,788.4491176655205,0.9702096036503736,9.886442959350898,11.02484612256696,1.1151479018183508,79.75053524379882,0.09813535643097196,0
R09,23.90289855411617,29.172289410927576,1090.5712731638214,0.7415904316568342,7.433121636779679,5.269390856811405,0.7089068515626112,146.71780262112054,0.09976837026147745,0
R18,23.85079618159345,27.283291930394117,962.1465106742494,0.8492653126045686,4.109093181446924,3.432495748800669,0.8353414238204239,234.1505700134674,0.20667949717935555,0
R45,21.29760759639247,35.18898703703674,737.1401344979944,0.5877458136906787,11.563003430967829,13.891379440644268,1.201364292899942,63.74988461248735,0.050829857242504,0
R31,20.243459852653267,24.204740365700804,1522.852238031911,0.9851176722074384,6.624982499096099,3.9612805130475373,0.5979307135661125,229.86509598171563,0.14869739993152375,0
R38,16.85223576987116,26.621806030153724,864.3097346058302,0.5826511430689807,10.692331050838778,9.769570260282563,0.9136988196335516,80.83454678837576,0.05449243390413671,0
R16,19.79027441387496,22.83570803579572,1518.5169022073271,0.9635618909322248,5.571368108948013,3.0454336219207576,0.5466222231895923,272.5572736377769,0.1729488829475611,0
R14,24.476475881292863,26.91098806924473,1468.8953473833174,0.9694474800206376,5.275185996141957,2.434512187951867,0.4615026256386721,278.4537547031714,0.18377503290493447,0
R29,20.63521801142821,30.637460372071924,786.281762554927,0.5875615700651766,10.16333748429152,10.002242360643713,0.9841493875514028,77.36452358983514,0.057811872426091655,0
R20,22.592369609462025,31.081748082555507,505.6290962653849,0.6316236732590056,5.247020574662072,8.489378473093481,1.6179426690432275,96.36499210753512,0.12037758653151166,0
R20,19.236009354813618,27.55691391945003,623.6026035382025,0.616027869850578,6.3887725901036845,8.320904564636411,1.3024261620339455,97.60914083938022,0.09642350876674112,0
R24,20.126987250420807,27.17682666963052,799.0731154644402,0.9603698251713176,7.375174366934317,7.049839419209711,0.955887829692108,108.34633538252136,0.1302165586046368,0
R26,23.48430560875292,36.57269360137642,640.0718134786084,0.7949739414009044,10.07231380921536,13.088387992623502,1.2994420388936527,63.54764412651579,0.07892664550160926,0
R02,21.653357691498904,29.593368104000533,1031.2581407215778,0.7564610823873829,9.843818805142243,7.940010412501628,0.8065985944757438,104.7619994978845,0.07684630298073147,0
R46,20.80126701231936,37.56757826120064,482.5489822606831,0.5853541816562401,10.447977470466425,16.766311248881276,1.6047422858897862,46.1858750772307,0.05602559761550753,0
R40,21.134198362429707,25.402632800368053,980.8636747018012,0.8350162689037834,5.040670659662501,4.268434437938346,0.8467989135049223,194.58991489983103,0.16565578774783357,0
R30,18.893735893262345,24.76206415707023,1058.0279639865232,0.7190893066241723,7.960439657247349,5.868328263807886,0.7371864515630413,132.91074482591833,0.09033286320680774,0
R15,23.762143147245222,28.775254589260545,1358.385668911684,0.8866905238911249,7.191142875860516,5.013111442015322,0.697123048249189,188.89704910071546,0.12330314376976144,0
R42,20.53808744856905,27.54374282412436,788.1868996155596,0.8753848246055278,6.528842192141154,7.00565537555531,1.0730318132038943,120.7238399121225,0.1340796421238729,0
R29,19.131069316300625,24.65780236143905,1414.7295426760895,0.91753297272751,10.708440624863162,5.526733045138425,0.5161099770499076,132.11349740235102,0.0856831545199173,0
R45,20.59454396817472,27.70744220086941,1082.7111485516905,0.7623678188307161,10.441727048754778,7.11289823269469,0.6811994030760394,103.69081125145945,0.07301165939992961,0
R49,24.416901016036302,34.158850959824534,538.9866115208648,0.6468879530871954,5.989850138525894,9.741949943788232,1.6264096293710832,89.98332162839549,0.10799735187471567,0
R06,20.22151834354335,28.17891427920893,973.99030745525,0.6587748501287942,9.10649971463374,7.957395935665577,0.8738149876487006,106.9555084803979,0.07234117067726607,0
R43,17.878602970672173,23.128147330044253,977.0778556077,0.7278095782186258,6.057932180689594,5.249544359372081,0.8665571358005048,161.28900530155425,0.12014158569463827,0
R46,23.70041073426247,37.3782171112652,583.9798899864396,0.6390645777433062,10.150327360681556,13.677806377002732,1.3475236700232216,57.53310895652015,0.06295999676018285,0
R42,21.063132303439268,23.916282596105237,1420.314115597672,0.9172858951278138,6.090480319598798,2.853150292665969,0.4684606374122421,233.20231592033667,0.15060977903106312,0
R04,19.965926661217104,27.06390457864369,577.7778932299215,0.5824423882825692,4.786419671448142,7.0979779174265865,1.482940988181063,120.71191681675366,0.12168644378530852,0
R14,22.528595643950865,29.07774085185309,910.2345427901846,0.9566163402107282,7.039009235951533,6.5491452079022245,0.930407247436565,129.31287803135538,0.1359021288571179,0
R40,20.102166958350324,25.71495506265548,1384.399359667173,0.9521798874969286,8.201020014246794,5.612788104305157,0.6844012201597647,168.80819181787115,0.11610505593728632,0
R34,19.913330313899326,28.360932525989384,953.7891085511516,0.6783843558116363,10.705192491123691,8.447602212090057,0.7891125936403726,89.09593258990854,0.06336965508785805,0
R48,20.3277860082408,27.1059874390304,564.1740209187706,0.5953049165372248,5.444698631469327,6.778201430789601,1.2449176510179791,103.61896205934183,0.10933661472032173,0
R49,22.69657866019952,34.26404824939659,697.3494232816918,0.5866715264876404,10.402451843612043,11.567469589197067,1.1119945338944721,67.03702490196302,0.05639742777063705,0
R46,22.245686877080395,31.761549993347028,667.8303166435182,0.7169219614276221,8.364737597144753,9.515863116266633,1.1376164530869215,79.83876468180874,0.08570764511158588,0
R49,20.17522509497522,25.781045239611657,494.5571061413023,0.6089543541260067,3.4072427011699906,5.605820144636436,1.645265875163953,145.14877556901936,0.17872350388098326,0
R35,18.690225127543407,23.359763492347398,1258.273709025852,0.8285152491170537,8.099447330149168,4.669538364803991,0.5765255547032481,155.35303308191007,0.1022928127494589,0
R49,20.536914860760685,23.768126010376232,892.7978386785582,0.6269688859618481,3.744606356613037,3.2312111496155467,0.8628974161487426,238.42234767931276,0.16743252194041988,0
R38,22.84668389721715,29.682652996520364,680.8302541729201,0.5336170900452806,4.9322629871702,6.835969099303213,1.3859701149522912,138.03608119516244,0.10818909929039167,0
R12,18.865341692950945,25.99624658509072,1251.328134090956,0.8947461492120261,10.857979584878048,7.130904892139775,0.656743258393211,115.24502549569034,0.08240447886438676,0
R28,18.18438488424522,27.30770561213711,992.481368410834,0.6298354194752069,11.852104858622967,9.12332072789189,0.7697637539254677,83.7388278495323,0.05314122908868561,0
R31,23.11310624906752,25.262652528960555,986.7329075813452,0.8460056279733273,3.4748873207364235,2.149546279893034,0.6185945273867144,283.9611234853594,0.243462751417803,0
R01,21.493339337690102,24.21326308246096,1281.9352988749545,0.8443812704056827,4.240967424204094,2.719923744770856,0.6413451160335916,302.2742621314844,0.19910109792087086,0
R35,19.843875700072573,24.5307324569116,984.1576066953156,0.6812798982795473,6.157371984015141,4.686856756839028,0.7611781079665728,159.83403459304395,0.110644589940024,0
R17,19.42046883646988,27.64473243395873,1039.339240868438,0.6791673283358368,10.51131857335745,8.22426359748885,0.782419783026509,98.87810302912928,0.06461295256118396,0
R08,18.26051660060916,26.20535577212252,1010.0037799437692,0.9118118053744868,10.27565165004322,7.944839171513358,0.7731713220815483,98.29097115602602,0.08873518064138071,0
R35,25.67334926171881,28.443552365643864,723.109002308688,0.8395995756005847,3.1508067404314417,2.7702031039250556,0.8792043854602553,229.4996367215059,0.26647130235782657,0
R47,22.321154699231283,31.25506940330844,653.8814328206012,0.7038740525013661,7.280365726398075,8.933914704077157,1.2271244384994884,89.81436611758043,0.09668113923853718,0
R17,22.151841068518973,31.402179908542426,903.231715348536,0.9224311637448164,11.352916519588078,9.250338840023453,0.8147984550104915,79.55944305501758,0.08125058985092276,0
R43,23.4745050658864,25.36248248814503,1116.40631467383,0.8466675768673533,3.39636341449618,1.8879774222586292,0.555882039654668,328.7063775062595,0.24928650840297337,0
R48,25.192096982791117,28.61885492073116,759.1571440087785,0.6598260276460313,3.421072604745917,3.4267579379400424,1.0016618569235387,221.9061773069739,0.19287109742443964,0
R06,19.595700947847824,29.63495874109684,709.76412992278,0.8290799121487867,9.082406325936663,10.039257793249014,1.105352197751808,78.14714564089736,0.09128416879799575,0
R16,18.971059381638465,33.26040640792288,591.467293482224,0.5209576083581288,10.445719347635212,14.289347026284414,1.3679619900490008,56.62293555839457,0.049872832211988107,0
R24,17.487735385014112,31.295424059950616,663.0078462604656,0.6311714833904729,11.718071450169214,13.807688674936504,1.1783243286792824,56.579945691566124,0.0538630854125197,0
R16,20.53393400895202,26.383567036408188,1073.3745579770523,0.876198941151894,6.628895698654405,5.849633027456168,0.882444571973516,161.9235852805673,0.13217871889728977,0
R34,24.401063316947745,34.38897015917744,840.534832695593,0.5732181283014081,10.420243658440942,9.987906842229695,0.9585099129749205,80.66364475217581,0.05501005034916544,0
R46,18.864584412348457,21.64902705682522,1061.2144892821025,0.8840640891904411,3.9685276628387296,2.784442644476762,0.7016311541809994,267.4076079195085,0.22276878588218302,0
R32,22.30624512518215,27.53539932329683,924.3248746437408,0.9507915026435338,5.469461446823287,5.229154198114678,0.9560638188887534,168.9974202452048,0.17383640270391928,0
R42,25.015267117827367,26.241551162972357,1555.5781610762224,0.9891773935284284,3.057411390659316,1.2262840451449897,0.4010857187526038,508.78928685510306,0.3235342801922109,0
R05,21.37926724361586,29.06631350071078,1048.9834747795053,0.91021341012951,10.714724913536298,7.68704625709492,0.7174282418938818,97.90111115725301,0.08494976935708397,0
R11,21.643561039229525,24.948690201035497,1422.458684259452,0.8900946342414975,7.089628390319575,3.305129161805972,0.46619215843793876,200.63938558496613,0.12554884194732457,0
R18,19.413716912482705,23.26665273328212,915.9035864716157,0.9692648917365652,4.083488209101802,3.852935820799413,0.9435403320649968,224.29441192707068,0.23736199104876643,0
R47,22.37360878495531,26.23487934849605,1362.0183624676815,0.958471024100458,7.472059666500439,3.8612705635407423,0.5167612058629585,182.28151584147975,0.12827400567979683,0
R47,20.31905812862814,29.747291062723285,823.0543902552193,0.9489823234238944,9.815546804479506,9.428232934095146,0.9605407749461697,83.85211813972536,0.09668155451011744,0
R41,21.92165525878756,26.373167405355314,619.5288025110077,0.5798124507160836,3.471521660353751,4.4515121465677545,1.282294216223943,178.46030159808285,0.16701968400133796,0
R21,22.982415330823997,32.18223632588547,896.8725078008481,0.9873452980242756,10.514524851249632,9.199820995061472,0.8749630749094753,85.29843435523921,0.09390298772339974,0
R12,21.683472237192017,24.51263548517976,935.4779154014212,0.963458173165554,3.323371639673757,2.8291632479877435,0.8512930706315686,281.4845936078499,0.28990383189890045,0
R35,20.646658393503973,25.218376983346943,640.4588641625307,0.7916261961562784,3.2578718481988904,4.57171858984297,1.4032837394664366,196.58810843545226,0.2429887463479964,0
R48,26.858288644024302,36.19505718732004,854.5975645605658,0.6820563875052497,9.279446767979636,9.336768543295737,1.0061772837055223,92.09574513746931,0.07350183740035077,0
R08,21.80181139951746,31.95566162403059,852.255345858856,0.6873609852536882,11.138189622668088,10.153850224513128,0.9116248302909421,76.51650535059782,0.06171209222859638,0
R43,21.77866926288534,34.98801474588171,600.444544504049,0.6121592794267632,10.250839248270076,13.209345482996373,1.2886111237404851,58.57515955148546,0.059717966948908185,0
R29,24.42594545845237,34.286705988858145,658.9804698614661,0.643663358254451,8.638113177092343,9.860760530405773,1.141541020388087,76.2875475640948,0.07451434648499397,0
R37,19.084784642008984,26.815162427367387,1005.7080155536652,0.7421955928004247,9.547763072025855,7.730377785358403,0.8096532902044627,105.33441267518518,0.07773502413093969,0
R21,21.081819379562017,30.82673094728283,812.4198116522274,0.8800804648950795,10.248890963699877,9.744911567720813,0.9508259578754338,79.26904623433926,0.08587079987602562,0
R36,22.627531846616776,33.35059149771357,527.3477147821774,0.5627827893186257,6.669441935987027,10.723059651096797,1.6077896402751821,79.06924145132899,0.08438229086034288,0
R19,23.04679003380403,32.3524330498168,783.6117854210632,0.5967176714782413,9.274473229241824,9.305643016012773,1.0033608147870514,84.49124452161716,0.06433979124515972,0
R47,23.522611126818905,29.48874828556345,694.3580282339905,0.6149968769816203,5.675584838531938,5.966137158744544,1.05119337098796,122.3412296685173,0.10835832684701742,0
R20,22.96356741572257,29.72370979317787,1019.4413103708164,0.9121752236246748,9.057829178200953,6.760142377455303,0.7463314050705014,112.54808302460124,0.10070572161152737,0
R37,21.890037713398204,25.28773407781008,823.7108012101357,0.5174696232029943,3.738213166903238,3.3976963644118747,0.9089092068087038,220.3488042102488,0.13842699709703013,0
R31,23.78590774021754,31.408465008247862,1418.7522158127044,0.9886399662832236,11.89578894567133,7.622557268030324,0.6407777830325444,119.26507962542188,0.08310839834149651,0
R31,18.92991950493528,22.70640537670236,950.6992934902702,0.7338406062424385,5.604955694575391,3.776485871767079,0.6737762218927175,169.6176286300317,0.13092710205589436,0
R24,22.37035107365983,29.849115009988008,889.4071244103202,0.925287264007558,8.078086350160824,7.478763936328178,0.9258088626620445,110.10121529495822,0.11454287858524027,0
R01,18.661421306252038,23.464081373347454,705.1137420255824,0.5497732564043876,4.162570007187993,4.802660067095417,1.153772803532939,169.39384582312866,0.1320754378797306,0
R17,23.32689545830302,31.506553175897505,1031.093670827917,0.9959813736193216,11.009220387265762,8.179657717594484,0.7429824665019695,93.65728312792895,0.09046792947948992,0
R02,20.95923575959521,31.325960693545536,641.5437334780896,0.755819291259507,8.422228476331096,10.366724933950326,1.230876716665171,76.17268223974374,0.08974101015943445,0
R11,25.334448223102275,35.66448949462806,888.0866720570242,0.6621646886757591,10.621985019860574,10.330041271525783,0.9725151421519682,83.60835290169534,0.062339071975498865,0
R16,23.367344842833838,27.758086917805574,551.9824267316135,0.5006731354782818,3.048644313054029,4.390742074971737,1.440227728820631,181.0583229955928,0.1642281237382935,0
R33,24.14577348598579,32.41296113521494,851.6754196627664,0.8735391335645144,8.627971529590084,8.267187649229154,0.9581843914153398,98.71096777984265,0.10124501808665753,0
R43,18.811343013437085,23.06104379136925,945.2988038474402,0.9984546092946776,4.020967353935251,4.249700777932166,1.0568851731096642,235.09238465273606,0.24831204071266766,0
R09,19.858295162631123,33.92609541197958,438.5590409186265,0.5068412073803406,7.188032405455375,14.067800249348458,1.9571141942364738,61.012390621080264,0.07051181447035104,0
R36,22.36942094956217,27.07900333936674,862.4813713288817,0.6479660147183081,4.571824673066966,4.70958238980457,1.030131889691472,188.65145385163996,0.14173028518253,0
R39,18.66280148224361,32.06639350121711,466.2031438442083,0.5346970429520916,7.502506816869843,13.403592018973498,1.7865484625531702,62.13964948301308,0.07126911791000214,0
R12,23.76224627855905,26.47594914119152,1474.9456453503333,0.9257971596521096,4.356187383007504,2.71370286263247,0.6229536574156583,338.58636364077466,0.21252464098845558,0
R36,24.60817692009399,32.559056246799024,961.3126217692136,0.6539431910081247,8.449331254733508,7.950879326705035,0.9410069373538611,113.77381153457137,0.07739585196660041,0
R23,24.373469240354662,28.977769540683564,619.6409972671999,0.6359772796990993,3.0100088477656866,4.604300300328902,1.5296633774836406,205.8601913170973,0.21128751171983493,0
R14,21.83321275774223,28.189893109601925,702.4688463466314,0.5212349546282666,6.981298797921769,6.356680351859694,0.9105297647125468,100.62151279869958,0.07466160233442962,0
R05,21.24489068718208,24.626548296382577,969.6079259569658,0.7010136084441203,3.9309070337443504,3.381657609200495,0.8602741250737053,246.6626449400851,0.17833380500387364,0
R33,24.66437822152157,27.815342598464827,822.3955542960321,0.6613632863633192,3.122706215152393,3.150964376943257,1.0090492540264422,263.35988646818566,0.21179170911248965,0
R31,21.3397598120671,26.986777983839666,892.7484436659992,0.8035676404417884,6.419811710688552,5.647018171772565,0.8796236441593236,139.06146845080104,0.1251699701883628,0
R20,21.868970981882537,26.32222116725981,791.2004259777877,0.5405193052325283,4.242139383180465,4.4532501853772715,1.0497651734485278,186.50976653779819,0.12741667739056797,0
R26,21.477811803074847,23.074765480057653,1107.4154164958409,0.9456591031801492,3.592305846215188,1.5969536769828068,0.4445483612330333,308.27425723302514,0.26324571004344877,0
R01,20.415403215591788,24.924853765702355,1125.3911269953628,0.8362536313368245,6.6243334889510415,4.509450550110568,0.6807402673238053,169.88745039367993,0.12623966361772718,0
R03,18.844595816734284,29.420111252224714,746.3524612141035,0.8333085424396862,9.646552906594668,10.57551543549043,1.0962999465084255,77.36986138373584,0.086384074239619,0
R39,19.6362517491584,28.226667398538773,1038.1211320698671,0.7499794959823942,10.85573479409098,8.590415649380372,0.7913251209910109,95.6288221627282,0.06908601860747601,0
R22,20.521298761267023,24.463925164402397,1072.195440826996,0.7460272446912003,5.767768159414107,3.9426264031353746,0.6835618724896648,185.89433749637922,0.12934418029156397,0
R08,24.24371571246094,39.65239606311429,655.2935945275491,0.5540222796882035,11.671319527268947,15.408680350653349,1.3202175053688152,56.145630577289644,0.04746869266956339,0
R20,20.4985959459274,25.375318262303228,1447.956288978441,0.9162085917051264,8.867107790062146,4.8767223163758295,0.5499789144146234,163.29521680127144,0.10332665547744571,0
R11,25.9417285414356,35.15261385836804,758.2976062566846,0.9100337510278248,8.739967276610324,9.21088531693244,1.0538809843810715,86.762064691709,0.10412324465598788,0
R46,22.07718372546456,31.07745249064117,762.9483436856958,0.8264748290689211,8.387355966642037,9.00026876517661,1.0730758061267738,90.96410677215479,0.09853818442378674,0
R47,23.19747803198628,27.96057057491715,962.3813795893234,0.8204827640493788,6.283402231870188,4.76309254293087,0.7580435514333111,153.16246582273644,0.1305793794145136,0
R46,22.640554821942192,26.79268562588675,1188.022891159931,0.9707884263669668,6.035725528207378,4.152130803944559,0.6879257157304417,196.83182835399347,0.16084038643408838,0
R13,20.07058914849857,29.621177544287864,906.4418142248088,0.8510537270568963,9.898745845994643,9.550588395789294,0.964828125136052,91.57137968054658,0.08597591455499996,0
R49,24.86826544646717,35.138453288434775,716.3797746585489,0.6536194809238602,9.084945232329169,10.270187841967605,1.130462273500637,78.85350503922474,0.07194534080380884,0
R50,21.63722919378143,27.478989280691906,1085.3635269653726,0.9846609061420896,8.260888019335123,5.841760086910476,0.7071588518374141,131.38581765362412,0.11919552762819559,0
R36,22.61617132151828,28.251143472497212,636.3669416766664,0.5305523338098161,4.494472693333828,5.634972150978932,1.2537560099845941,141.5887880730751,0.11804551279101726,0
R38,20.94824064820959,26.4567384369408,957.3315367840167,0.8298451364652372,6.485469702823572,5.5084977887312085,0.8493598831142454,147.61175067508594,0.12795451593952376,0
R23,20.96013353101492,27.56966069089664,785.8896157959648,0.8652462387411497,6.734643924717124,6.6095271598817185,0.981421918332429,116.69356607134571,0.12847690960550565,0
R07,20.322813694072277,27.51573768411518,830.3704249901951,0.5556043736691094,7.72732576903425,7.192923990042903,0.9308425974309433,107.45896443472625,0.07190124892826255,0
R34,20.46137995101613,22.76091723292564,1100.4112298458267,0.8099842824370821,3.3427767053938737,2.299537281909508,0.6879123209752527,329.19076768430665,0.24230882102597487,0
R08,22.24783485268529,26.251704472215877,1110.8564581124522,0.9015059407631604,6.109327683511012,4.003869619530587,0.6553699239831207,181.82957530836623,0.14756221755731191,0
R14,24.12403235359108,28.145199990300775,880.8316783535099,0.5860430162263133,4.335243035605651,4.021167636709695,0.9275529892288775,203.17930762339697,0.13518112166102372,0
R31,23.01117848367175,31.73417668988656,838.3710786734648,0.5403077025848009,8.361118417453767,8.722998206214811,1.0432812658179345,100.27020750278719,0.06462146277666789,0
R04,21.538135100249335,25.961630509300985,942.2889612373943,0.6575051861883658,4.806938772810107,4.42349540905165,0.920231277767181,196.02682825238855,0.1367825173699877,0
R26,23.11915412302093,27.747281735932383,872.8882189438136,0.9704400847796022,5.493623247420597,4.628127612911452,0.8424544976003736,158.89116883900948,0.17664845969101534,0
R08,23.05703576878985,33.4701063749592,836.247838407785,0.7347593326728168,10.215158638721745,10.413070606169352,1.0193743410599028,81.86342160540616,0.07192833304493444,0
R39,20.650131962418897,32.467581162382295,788.2655174624166,0.5430660695318401,11.842691450304349,11.817449199963399,0.9978685377013431,66.56134889355398,0.045856642623065526,0
R15,21.55902769166517,36.2834083293122,457.3507884913839,0.5120550967043334,8.493397457864948,14.72438063764703,1.7336267036475665,53.8478024559976,0.06028860644336933,0
R18,22.65168170429585,30.60652177151203,701.8616440503072,0.6081663888154135,6.4489382935252655,7.954840067216178,1.233511580534557,108.83367340558621,0.09430488572452501,0
R49,21.885806778327893,33.83002378383516,520.4571980500408,0.5340545123617613,7.531922833606975,11.944217005507266,1.585812450469209,69.10017661463456,0.07090546785461516,0
R21,19.311910743056316,24.0235325317139,1206.9669732385871,0.9789729299630688,6.727269613940996,4.711621788657585,0.700376535956525,179.41409256697187,0.14552307044961185,0
R49,24.800799589590564,38.05260165324399,502.1757915652949,0.5924191989735125,8.144468845346495,13.251802063653425,1.6270922407942057,61.658507276655996,0.07273883788161373,0
R32,22.86224192819482,32.484418496089226,847.9133386159046,0.7714990663026347,10.535134963996365,9.622176567894407,0.9133415566841833,80.48433565527479,0.07323105673911334,0
R29,16.141102619995465,25.988665081108092,587.7163451389858,0.5255751028101988,6.480363513395801,9.847562461112627,1.5196003188334055,90.69187923240656,0.08110271927242398,0
R08,24.11108920426395,31.66073640322239,704.2861611151168,0.5970814345230411,5.43557995224237,7.549647198958439,1.3889313128112377,129.56964432554685,0.10984686818500826,0
R03,26.20734620612344,33.64732010932468,1221.2427361934838,0.7789368378300365,10.902301615600113,7.439973903201242,0.682422314619821,112.01696478897689,0.07144700864957315,0
R01,23.426439640791973,28.556193353148288,924.464192603502,0.7946073071739277,5.973523262990549,5.129753712356315,0.8587484281074326,154.7602900169646,0.1330215472829883,0
R25,20.56596770174413,24.78070301142145,682.3102850972147,0.5616418896494735,4.142499723794754,4.214735309677323,1.0174376803135663,164.70979615954724,0.13558042899155082,0
R43,23.9403936533706,33.52198675603874,723.9969928340884,0.864393111128288,9.216536836019367,9.581593102668144,1.0396088328125692,78.5541256673134,0.093787192142512,0
R28,21.27737887606542,29.597482835027414,840.629277339281,0.7053944049998059,8.776375651212918,8.320103958961994,0.9480113761780621,95.78319237316418,0.08037422656382291,0
R33,22.104637095644968,25.440430672696596,828.3685592999763,0.9942699935228534,3.199966338230224,3.3357935770516285,1.0424464586388509,258.8678978911117,0.31071264145633015,0
R24,23.241495110558848,30.537605775841257,689.2868445997972,0.6965735647470076,5.8382736893950575,7.296110665282409,1.2497034317756364,118.06346897574423,0.11931156396663964,0
R45,20.20501687366558,26.605068162208585,824.9049763543097,0.9612171418280622,7.275808855800912,6.400051288543004,0.8796343355612376,113.37639466663877,0.13211137907528941,0
R11,26.614041833907223,36.00228625940768,894.2145407067021,0.6624613972033206,10.593795395885644,9.38824442550046,0.8862021659533477,84.40927045409919,0.06253296127095333,0
R43,24.441642597626096,35.1149232893066,849.8444309515708,0.5904459506894492,11.803986016739024,10.673280691680507,0.9042098725417766,71.99639424736876,0.05002089547142365,0
R28,20.898762946795745,31.11681921552725,835.2833007700181,0.6860601076208493,9.584059076050206,10.218056268731505,1.0661512191912097,87.15339650371354,0.07158345980308682,0
R38,22.79689824571576,26.74972399623954,1213.5778759593052,0.7598058379015038,6.624655362721477,3.952825750523779,0.5966839834064843,183.19109591547942,0.11469364009139454,0
R45,24.736196963527625,27.868210721067275,903.4777640254532,0.5793683816871548,4.197088190165959,3.1320137575396494,0.7462349170737356,215.2629926010033,0.13804055465040052,0
R43,19.50895882099733,25.186056876407054,1232.2309352003704,0.7945100454904558,9.306529691558374,5.677098055409726,0.6100123508507389,132.40498618062583,0.08537124705153284,0
R21,23.357893975524465,28.892226630851415,975.7585759480722,0.7767358881049249,7.245658537665951,5.534332655326949,0.7638136170173053,134.66803201885278,0.10720017843335126,0
R40,19.915076766137528,27.413704821775543,614.7328368645763,0.7365137516715103,5.29086488629495,7.498628055638015,1.417278312107702,116.18758937823813,0.13920479307255018,0
R45,21.65794650690875,28.545231226900302,723.7550352448146,0.5978778032028123,6.711627544210796,6.887284719991552,1.0261720684921307,107.83599514086552,0.08908089718395051,0
R20,18.30518323094417,23.08128194934372,907.8259100909744,0.7095497364585426,5.351997160968454,4.776098718399549,0.8923956001380436,169.62376525751029,0.13257662796109337,0
R50,21.457589613478547,26.837318353660137,948.3432325593,0.9540075446874872,6.739626567558593,5.379728740181591,0.7982235642071158,140.71153988326003,0.14155198884158252,0
R02,22.465573485880327,35.363987581946965,691.3275199509673,0.5872046335557497,11.473268137554587,12.898414096066638,1.1242144732804795,60.2555010187635,0.051180241454803696,0
R49,19.31225678888145,28.60475006904601,564.3139639241151,0.5626876746169367,6.2548238535694,9.29249328016456,1.485652273782526,90.22060047335813,0.0899605948608499,0
R49,24.506177834604152,31.915790688504742,1192.7158988280023,0.7885585411939533,10.75498396229191,7.40961285390059,0.6889468993984057,110.89890073381682,0.07332028982643966,0
R19,20.11160871124681,30.3224632215813,650.8507362101037,0.6478737812975104,8.504817774509931,10.210854510334492,1.2005965067162028,76.52729940443754,0.07617726781157784,0
R16,26.24954280603392,32.79373421926073,651.5653135931908,0.6234285137978665,4.7878011920766514,6.544191413226809,1.366846940941661,136.08863180690722,0.13021186318880165,0
R06,22.142507499821782,36.011026683394896,470.60979263083937,0.540787462805683,8.53878701838752,13.868519183573113,1.6241790729419165,55.11436128075603,0.06333305440704226,0
R18,24.136758667388037,28.813408982637704,1014.8717563514978,0.700156418086497,5.549559631433196,4.676650315249667,0.8427065615730492,182.87428620519267,0.12616432015988246,0
R04,23.978884156576623,29.806179972435466,830.2718166650075,0.6663904344803977,5.393979237833921,5.827295815858843,1.0803333789247083,153.9256604551601,0.12354338144393792,0
R15,23.29899472971848,28.646362814168505,1297.4083199054728,0.8395333022478186,8.967244833508326,5.347368084450025,0.5963223023049692,144.68304858337157,0.09362221260098698,0
R48,18.37353342799391,27.61913260775644,481.0431671172266,0.5285585816852216,5.877688758669255,9.245599179762532,1.5729991088973199,81.84223201810667,0.0899262624115011,0
R09,23.119400944822843,33.84152970624292,740.6636951446951,0.6562990124541501,9.840049904658889,10.72212876142008,1.0896417056120378,75.27031898425831,0.06669671585135127,0
R14,21.110211306902308,26.520462704731763,868.7271492482935,0.9431441082278588,6.365524210311607,5.410251397829455,0.84993022083952,136.47377977779576,0.1481644051718546,0
R17,24.778326095741196,28.49177923248123,1122.6723376972764,0.9826048192728676,4.64212236587241,3.713453136740032,0.7999472749879031,241.8446239054038,0.21167146012709712,0
R03,20.33135390901684,25.66097055610548,939.3977794145306,0.7137332640833445,5.8097076291221645,5.329616647088638,0.9173640030305507,161.69450157967276,0.12285183862017995,0
R19,22.968515133188603,27.664346591793823,1392.772558691511,0.9607566959537088,7.710664665607247,4.69583145860522,0.609004756691154,180.62937750410188,0.12460102178208851,0
R44,21.752534639800487,32.12327110442601,873.4481732486266,0.9230621052651158,11.0729576042797,10.370736464625523,0.936582332855427,78.8811990855125,0.08336183865712193,0
R19,21.28102241959276,30.90014318663196,964.8822908482624,0.9516240525475652,10.091731202318384,9.619120767039202,0.9531685470208909,95.61117626939955,0.09429740383185668,0
R17,20.870036177935848,24.396905624996798,1380.8126616026118,0.929349060622287,5.722196857153227,3.5268694470609496,0.6163488490704521,241.30813673012315,0.16241123537379223,0
R24,22.30604518745177,25.25500191532281,984.60714654391,0.926664608279394,3.877569232174877,2.9489567278710425,0.7605168473592957,253.92380834207748,0.23898080286748102,0
R11,22.7466971194228,33.24026925652316,587.7799946189859,0.5599764708654849,7.595133678556532,10.493572137100362,1.3816178333670464,77.38902559127762,0.07372832323497817,0
R14,21.214914883538054,29.24414623262435,729.7700541382122,0.5421276887089856,7.008685689952081,8.029231349086295,1.1456115603239716,104.12366689298656,0.07735083476295714,0
R22,23.69105219977042,35.384729150190914,771.8289854173444,0.5658434517181035,10.72655809096399,11.693676950420492,1.090161154328824,71.95495319859685,0.05275163262246887,0
R04,21.87689332412961,29.910493508067816,856.625130937656,0.8191752887102159,8.624817735384317,8.033600183938205,0.9314515889396047,99.32095462414838,0.09497885217324119,0
R23,23.20618936989767,25.95514164801413,1137.7931999467166,0.9182210962349348,4.514507296569415,2.7489522781164624,0.6089152364877995,252.03042662292924,0.20339342389205864,0
R41,21.699071200353853,26.39038952295192,1059.4851391642171,0.7386000397089807,5.770867127469307,4.691318322598068,0.8129312664759529,183.59201758797593,0.12798770503539184,0
R14,22.72283104754396,30.84282004506773,925.2059272058206,0.8485120830021498,9.039116824796189,8.11998899752377,0.8983166336836074,102.3557881968941,0.09387112695285711,0
R23,21.592318138522703,31.124054577953345,692.9184038870266,0.6531504984437688,8.508076769635098,9.531736439430642,1.1203162239260622,81.44242496259764,0.07676828925366899,0
R50,21.719249882189327,32.81725609919626,634.665586643503,0.6352796282439956,8.68238379879039,11.09800621700693,1.2782211054241899,73.09808013001259,0.07316880282722601,0
R24,21.822841938360664,29.36007867096649,1263.237822374874,0.7913143230201828,11.798309643105387,7.537236732605827,0.6388403899036829,107.06939049638149,0.06707014368643947,0
R34,16.55544451815371,23.958256975576816,729.6763359718287,0.6785961669965224,6.32222574428284,7.4028124574231065,1.1709187170542645,115.414470391487,0.10733501055544778,0
R29,21.697948092305893,25.53270756456974,635.3751852799818,0.5609440412661353,3.299411740524226,3.8347594722638476,1.162255509115259,192.5722629510406,0.17001334946362587,0
R02,18.723941885127967,20.589762587778623,1061.3310377070388,0.8315731244876043,3.660276607136424,1.8658207026506552,0.5097485526129019,289.959243964723,0.22718860177569372,0
R22,19.600604943269385,21.615605828184982,1200.454962467286,0.9101266594724448,4.761413760896842,2.0150008849155974,0.42319382143677836,252.12153842332174,0.19114630762545132,0
R02,23.71723679615203,31.32873348375933,1160.1427642296835,0.8303992648454552,11.377416674911029,7.6114966876073,0.6690004334983909,101.96890888139647,0.07298662680401032,0
R05,21.258834475198437,36.496213796115306,567.4533009733312,0.672508419962283,11.286222607007575,15.237379320916869,1.3500867253367868,50.27840764198657,0.05958666981676624,0
R02,20.570638646019137,22.53165595123351,1412.4127631712936,0.9575007688737636,3.0020433439643,1.961017305214373,0.6532275122399742,470.48380097875423,0.3189496816556124,0
R38,23.523454258815352,28.96406101508157,1292.910203745888,0.938096239134778,9.59573268598648,5.440606756266217,0.5669819006329375,134.73803888201704,0.09776181453082422,0
R04,24.911161636978708,33.524020766914646,741.7630900530696,0.6744159537293151,7.611535386588959,8.612859129935938,1.1315534504524867,97.45249182707722,0.08860445619389658,0
R41,23.525339100877105,32.28905451539484,850.0092937315517,0.9589204415467764,9.744411150517404,8.763715414517733,0.8993581324872978,87.23044220957551,0.09840722304660349,0
R24,20.615499341468208,22.302342368874545,1003.4409760307136,0.6959054473085858,3.350620617136178,1.6868430274063364,0.5034419649838198,299.479138550866,0.20769449210378998,0
R39,21.81018686145814,28.0369112671605,1331.626854118363,0.9387260633015844,10.335648906082262,6.226724405702363,0.6024512309080174,128.83824385082733,0.09082410517535752,0
R34,22.49654786582289,26.52904675212248,1179.9648338652223,0.9944202706518316,7.1466024021750645,4.032498886299589,0.5642539852325211,165.10850435811298,0.13914587865545455,0
R46,24.27781750814883,29.914606872051834,944.184962259402,0.9314611967554944,6.587782447917576,5.636789363903006,0.855642912993403,143.32364034848518,0.14139222175588587,0
R47,24.003649707363877,29.660252825689813,898.34274972593,0.6173772108624856,6.631328721242996,5.656603118325936,0.8530120215885854,135.46949449936815,0.09310007644241208,0
R38,19.32167652892704,30.152508601764843,887.5116143398014,0.9756984309895532,11.927002763527426,10.830832072837804,0.908093364911284,74.41195679553266,0.08180583591153534,0
R22,23.840022920010792,32.43069192579837,732.1473786972759,0.6456805364188722,7.999946128970579,8.590669005787579,1.0738408568374964,91.51903861526222,0.08071061054781846,0
R20,21.087788529718857,29.262475052332327,1068.1883460204056,0.8687049721559731,10.27079081115583,8.17468652261347,0.7959159789073268,104.00254134863411,0.0845801446186998,0
R18,22.92873972709315,29.28001870900992,685.5873126080065,0.6490331005850021,5.678852498114524,6.351278981916771,1.1184088658801234,120.72638140110757,0.11428948027801253,0
R22,25.419656372154,36.450483456874295,680.9705113762508,0.6418039617085681,9.461394218460915,11.030827084720293,1.1658775472220708,71.97359032430468,0.06783397318508205,0
R16,25.139732872519936,29.9857268902134,751.3873382667235,0.9269714410709264,4.519290052061077,4.845994017693464,1.0722909930251965,166.26225128525314,0.20511439416201444,0
R10,22.10704559579809,30.45438563800808,731.564160351298,0.5071906179920764,7.52219084786489,8.34734004220999,1.1096953282672044,97.25413448649024,0.06742591729589502,0
R44,19.56543461555904,25.48326645865364,767.4710825199386,0.6885269655008495,5.600716724289526,5.9178318430946,1.0566204531341121,137.03086949417093,0.12293550975624319,0
R19,22.955887754667813,34.236719767412524,691.3415778810473,0.5971367855009007,9.308418285161991,11.28083201274471,1.2118956913149068,74.27057494645194,0.06415018827127286,0
R41,21.558714499768456,31.041777790158072,715.2134573469971,0.5778866302900851,8.8098092076947,9.483063290389616,1.0764209606386117,81.18376238185867,0.0655958167386128,0
R45,23.80310251314953,28.29341162547817,944.116348954191,0.9754093299582156,4.673653568016759,4.490309112328642,0.9607706362870371,202.0082009105399,0.20870381506948654,0
R27,24.62955965119301,35.80507743338389,805.009051730861,0.5705995317685925,11.530017281723069,11.175517782190884,0.9692542091767613,69.81854684701382,0.049488176628588794,0
R26,25.106082152585294,31.317860421352076,1063.951029421878,0.8142832003236415,9.911729802556485,6.211778268766782,0.626709806714526,107.34261835380725,0.0821534905152093,0
R07,21.59495154587034,28.807087082545667,1175.6878549535395,0.8127167250832967,10.98722046191594,7.212135536675326,0.6564112881573764,107.00502998267173,0.07396927438566897,0
R14,23.07472056289845,29.335326382224864,1247.6067221406834,0.963154138460598,9.042654653793631,6.260605819326415,0.6923415809869423,137.96907765545149,0.10651232136312201,0
R21,20.437406586353884,29.429326111776067,541.9890430179634,0.5661343575492408,6.439111450139759,8.991919525422183,1.3964534695586013,84.17140271833618,0.08792119253300905,0
R12,21.02522116741979,28.569266206564045,924.36487092361,0.8480399307835196,8.40850936083947,7.544045039144255,0.89719172749914,109.93207371910748,0.10085496660478889,0
R46,16.83925668806976,24.232693757032425,811.7827529473448,0.7362577214097926,7.241774471167091,7.393437068962665,1.0209427397110218,112.0972154241248,0.10166813732479253,0
R25,21.26898812602947,31.75932460916007,693.1548872684966,0.5126743021319693,9.154831124181287,10.490336483130601,1.1458798464803739,75.7146557774964,0.05600041062230053,0
R37,19.142285526911618,28.808539904216435,522.7287986799407,0.5435356027886541,6.243546360487001,9.666254377304817,1.5481993436420711,83.72305873919505,0.08705558850791618,0
R33,19.87741293657704,23.81626275708938,768.9524454503813,0.9554131323431576,3.8078355050414143,3.9388498205123383,1.0344065060839593,201.9395124690446,0.25090714424985816,0
R09,25.298132574400974,32.584259708977264,698.1963258241243,0.5557438439193909,6.085550683249057,7.28612713457629,1.197283124209599,114.7301800880507,0.09132186598151558,0
R21,19.21955614969308,24.707474945847263,1171.3868931297943,0.9422393637983796,7.920095384075806,5.487918796154183,0.6929106948873656,147.90060426355373,0.11896818385455964,0
R48,22.00142024313193,27.86098165994261,768.5075440229483,0.7996864964359931,5.713167535129206,5.859561416810681,1.0256239434221606,134.51514230897976,0.13997252688965786,0
R47,18.93459888022014,35.40139298428486,527.7681715550003,0.5248029541747414,10.928056444902772,16.46679410406472,1.5068364797608096,48.29478821013684,0.04802344834332622,0
R19,23.45751856628756,25.76696194684461,1006.3143713357312,0.7436922208360215,3.7839836051529065,2.309443380557049,0.6103206624394787,265.9404681260682,0.1965368506944072,0
R32,25.02667255671145,30.960919563390163,1032.416379911015,0.6758249361709527,7.401435604043549,5.934247006678714,0.8017697274075747,139.48866613755118,0.09130997989116278,0
R49,22.913934729066938,27.320026307348943,1239.5273284212255,0.862555579966658,5.809726954077492,4.406091578282005,0.758399080216608,213.35380099942168,0.1484674902598104,0
R46,20.88776250647844,26.63249965129061,1332.1904443330595,0.9025486560205674,9.674645587067,5.74473714481217,0.5937930328416057,137.6991469448682,0.09329010017969944,0
R10,26.517654243816377,29.42169875506436,878.7777022927131,0.6937332319108783,3.5625624735936974,2.9040445112479816,0.8151560941803099,246.67011703131072,0.19472872042327505,0
R20,20.69119620966297,23.685767841998928,1081.5973144747295,0.8746847183224784,4.677778243685771,2.9945716323359584,0.6401696438641862,231.22030548042918,0.18698721332144347,0
R26,17.27019514921877,21.871975278983964,610.7945335402791,0.6902409427465179,3.2418088864044177,4.601780129765192,1.4195099992057698,188.4116414455661,0.21291845600191558,0
R02,25.711006629588525,30.71222499334082,1119.86975440486,0.7375501703458602,6.843945408243089,5.001218363752294,0.7307507680772337,163.6292646425919,0.10776681085993597,0
R24,20.743327702407534,27.940722510231986,1007.3530312502222,0.8333657649287949,9.126051359031631,7.197394807824452,0.7886647274564724,110.38213479406858,0.09131723372387679,0
R42,22.36302666301511,34.38692753782148,826.5680824451388,0.6211768475683812,11.795554408592364,12.023900874806369,1.0193586887317199,70.07454281615053,0.052661945852743516,0
R20,23.566972643184204,31.193538711572632,1157.3058556456024,0.9693573176870176,10.71267973298615,7.626566068388428,0.7119195438005061,108.03140619261325,0.09048691287784912,0
R14,21.301121345566088,28.2958218077026,884.6591289402616,0.6708205563453009,8.16206952024039,6.99470046213651,0.8569763397372413,108.38662017598283,0.0821875572955845,0
R30,19.29454292439141,25.888739436888933,741.4969779320816,0.5958681086951332,5.932421256175038,6.594196512497522,1.1115523034770405,124.99061444098558,0.10044264946203811,0
R43,23.573208217232157,26.600710639380058,911.5030735699148,0.6780465425832108,3.75837929540266,3.0275024221479008,0.8055340305464153,242.52556805133727,0.1804092906249813,0
R05,20.838703394892097,27.988382963192475,1004.3160201710956,0.7676738840308284,9.35943716094796,7.149679568300378,0.7639005898914791,107.30517261888156,0.08202137274172108,0
R21,22.268081772466047,28.60689289255455,1252.025782388043,0.9182654453804516,9.73214469029462,6.338811120088504,0.6513272584623493,128.64849652683705,0.09435386285370292,0
R14,22.14178130564413,27.01737573471965,809.3352211190766,0.848096225150545,5.385731559047153,4.8755944290755195,0.9052798817804637,150.2739622734306,0.1574709425919829,0
R10,26.96993990717331,40.6503643324332,584.3222628233605,0.5606514990027671,9.534763663354656,13.68042442525989,1.4347942862850833,61.283350427353525,0.05880077564560323,0
R04,22.369128705090755,25.94181836242592,1169.0938562080976,0.8537131375809661,4.571308661224678,3.5726896573351645,0.7815463627822545,255.74598935414943,0.18675464748693033,0
R19,23.13620641025729,30.67103226140321,1121.977134402192,0.8811060291570885,11.30343381384562,7.534825851145918,0.6665961844193293,99.2598490759399,0.07795029755275058,0
R12,19.175411360140288,26.483659597681303,815.9617526892912,0.7643283019946379,7.408072811894167,7.308248237541015,0.98652489292588,110.14494233631301,0.10317505259498214,0
R20,24.33024747964027,28.666748933379697,983.4213021979768,0.8872097473031517,5.317310785293524,4.336501453739427,0.8155441028072322,184.9471174259547,0.16685309231067944,0
R50,17.869833907487358,23.11622358772069,839.5440894689666,0.7790855919452204,5.490787187561777,5.246389680233332,0.9554895320142663,152.90049692160298,0.14188959894677305,0
R38,22.27659623359982,30.614944454765094,980.412407117428,0.9312448109491503,10.527740369218709,8.338348221165273,0.7920358907734047,93.12657538401918,0.08845628580202729,0
R38,26.781532329535448,33.85046356510421,856.3662278461035,0.5427015150813608,7.365161887716371,7.068931235568758,0.9597794784875446,116.27256004709855,0.0736849404473348,0
R39,20.56987355872515,29.836002089578415,614.4747386020991,0.7145747459791609,7.351482765961235,9.266128530853265,1.2604434813827226,83.58514304722772,0.09720144475993035,0
R46,24.896701713858555,32.46981916264494,1092.0225509815937,0.6889970193130766,10.451788171520263,7.573117448786384,0.7245762470982836,104.48188702840442,0.06592144884743283,0
R40,24.35508944953917,42.23411876714747,467.38018665570695,0.5589862418140308,10.507476973875972,17.8790293176083,1.7015530333361395,44.48072432780225,0.05319890238197051,0
R18,21.227089538488148,25.14768290733788,901.0014192138884,0.6966307425496077,3.905064588751,3.920593368849733,1.003976574457556,230.72638076443846,0.17839160575124285,0
R18,20.43768724373777,28.539467160121408,582.3200356866449,0.6577665903315677,5.991840229569286,8.101779916383638,1.352135505282994,97.18550785332006,0.10977705765342982,0
R49,25.19707622419268,31.96472814546972,1469.7315730987027,0.9850372283333536,11.696468679733671,6.767651921277039,0.5786064244333221,125.65600894954635,0.08421663455057299,0
R04,20.703379459712608,30.073997524427234,869.5797269166984,0.8425872566388903,10.633633484519525,9.370618064714627,0.8812244731169643,81.7763493713259,0.0792379441952303,0
R16,23.74725700414906,29.499669214066657,813.1413674702226,0.9623208955643184,5.862356505250679,5.752412209917598,0.9812457165928739,138.7055472900572,0.1641525715303063,0
R05,22.16637943344303,27.801232535506905,560.6173373534924,0.5319398837154514,4.481393463296173,5.634853102063875,1.2573886109788952,125.09888764401082,0.11869966073547955,0
R12,22.84736719925431,31.588523157918598,1068.9538290386631,0.8717175869780972,11.156101674916249,8.741155958664287,0.7835313995316298,95.81786363978149,0.0781381895199195,0
R37,21.075294952413355,26.537137930232365,996.4480038011166,0.9254759497034,6.546811374970528,5.4618429778190105,0.8342752929617738,152.20356089846902,0.141362855395779,0
R13,21.20770782012536,26.556604200741106,1233.3762824893122,0.9496244591446013,8.83814658021628,5.348896380615745,0.605205665245354,139.55146266188424,0.10744610881089989,0
R42,23.819620444907144,29.31113488334457,936.6474574849416,0.8348772256091239,7.286901169862139,5.491514438437427,0.7536145077896427,128.53851529629873,0.11457232726883806,0
R36,21.10811257227768,32.02026617801308,722.8029633113633,0.7370789729395398,9.808059791900206,10.912153605735401,1.1125700533297105,73.69479577482552,0.07515033437584079,0
R29,21.20632355851071,29.24563376936226,722.8750533865534,0.6262651948182223,7.052491293974317,8.03931021085155,1.1399248684958145,102.49924789048396,0.08880056262576408,0
R16,20.82643394098103,24.652332972304805,1460.4465028651186,0.9929018297251524,6.076791919183359,3.8258990313237753,0.6295919100415612,240.33182677437858,0.16339243517467444,0
R44,22.15951305379843,25.82495042944769,1369.9316374766595,0.9083276216008118,7.012429948443145,3.665437375649258,0.5227057386096292,195.3576217586035,0.12953107956571785,0
R28,19.802759149644377,30.053015836821316,877.6593289939992,0.5668478271997182,10.466092482855316,10.25025668717694,0.9793776143262692,83.85740240989728,0.054160406868970556,0
R42,23.33974290951732,30.371492181919308,791.5534267957992,0.814251085118102,6.857798512876785,7.0317492724019885,1.0253653937482383,115.42383832209582,0.11873359702668355,0
R10,19.13550268956021,22.922011564411715,647.6000190629828,0.6177941141223388,3.2920596911160813,3.7865088748515063,1.150194477053299,196.71575846895777,0.18766188103742823,0
R10,24.424317377100664,27.702130350298685,1303.0161383451862,0.9914734397773504,5.740413819186274,3.277812973198021,0.5710063902087574,226.9899312816256,0.17271811249278465,0
R03,26.121645602270693,31.847880924565832,1288.5943768456627,0.9252521141642984,8.763426719798169,5.726235322295139,0.6534242260916653,147.04229498884206,0.10558108645719445,0
R34,25.2592842622256,33.822387706267214,896.5811500368865,0.6968775707827033,9.805730106961024,8.563103444041616,0.8732754573739211,91.43441031488409,0.071068402167014,0
R42,24.916408976774807,38.60563707675354,634.5073891756159,0.6151933196929447,11.31878610347302,13.689228099978731,1.2094254608962327,56.057900853955154,0.054351527987986335,0
R17,25.36869703224996,33.75300021433526,669.6704681130011,0.5286959218441367,6.599847164642117,8.3843031820853,1.27037838497279,101.46757211298461,0.08010729773812962,0
R22,22.23859341004404,25.842716137360405,813.139221721386,0.6411569171053602,3.697346764131473,3.6041227273163656,0.9747862338151542,219.92506345625304,0.17341000398591813,0
R40,21.888159102955573,34.65867757916776,568.3168447683886,0.5192004386631723,8.95208411050252,12.770518476212185,1.4265413861817837,63.484305749724065,0.05799771676117857,0
R34,25.571742248608235,36.4610930792957,797.8173145515465,0.7334390495615521,10.711518147508588,10.889350830687466,1.016602005498188,74.482188571665,0.0684719980362582,0
R27,20.46838003988258,27.40805786789029,817.8301317606481,0.7375541824659178,7.111992645635402,6.93967782800771,0.9757712323094934,114.993107067194,0.1037057009498669,0
R21,22.44618245011979,29.0527264611487,904.3200601541356,0.9388747024313124,6.754478510781318,6.606544011028912,0.978098309215689,133.88451213675253,0.13900032414533642,0
R15,24.489059821353287,35.81447205594686,735.2639961474894,0.6556909699462922,10.404326295454858,11.325412234593571,1.0885291284589076,70.6690635479868,0.06302099254929476,0
R19,23.972753011811875,32.14796675298381,538.6466504665077,0.5963381982433502,5.744128119465572,8.175213741171937,1.4232297001642351,93.77343946092604,0.10381700857654842,0
R45,24.283257728658977,32.92883274335909,434.225365933198,0.5047716765336133,4.81265678292017,8.64557501470011,1.796424595533747,90.22570806923896,0.10488420415206372,0
R10,18.738636438151364,28.738488052690915,559.5963644605697,0.6646153076706973,7.1105753359725625,9.999851614539551,1.4063350913322126,78.69916821351417,0.09346856987906356,0
R27,20.05569520359468,41.130656300412845,460.6886374075672,0.525087675159987,11.853404248882368,21.074961096818164,1.77796695820994,38.86551304035755,0.044298470222973826,1
R21,23.35081823786208,40.79391804695568,451.9996687758828,0.5396065750041854,9.892815830962784,17.443099809093603,1.7632087877851472,45.68968800179246,0.05454529673091772,0
R43,22.79159769741949,26.52326938114224,720.9007417419967,0.8917507512939544,3.2439598710260977,3.731671683722748,1.1503445887394355,222.22862501500933,0.27489574062205785,0
R29,23.792567920261213,31.954098329449597,994.0379319835098,0.993343805808512,10.127937300651388,8.161530409188384,0.805843299273137,98.14811273758353,0.09807957694846947,0
R07,22.02175751640446,26.172582113563184,1244.836048961593,0.8075348770073489,6.022347281773811,4.150824597158724,0.6892370039371339,206.70280053908502,0.13408972269853875,0
R20,17.983032567713,24.464868167187436,954.839751042742,0.9452204740005428,7.925742697032159,6.4818355994744365,0.8178205938859961,120.47322093868722,0.11925954577789741,0
R29,21.20332711173953,29.471518348607823,1085.3027678191063,0.8545007556631898,10.412810352777818,8.268191236868294,0.7940403173349445,104.2276514264548,0.08206245256692256,0
R40,20.2862962697444,23.76179261791576,869.7609720447048,0.7197814708864494,4.390687469914671,3.475496348171358,0.7915608596571099,198.09220720089368,0.1639336609172134,0
R45,19.0780814914353,27.340870999851667,1008.700275344488,0.7361132128781022,10.827131910092966,8.262789508416368,0.7631558917938241,93.16412543234885,0.06798783084852816,0
R49,21.359074900480717,33.651470006661285,728.7522065581381,0.5030919113204484,11.1863585199985,12.292395106180567,1.0988736937230057,65.14650904986692,0.04497369813608619,0
R47,22.83715336532017,27.96240887563484,1180.9579245447433,0.8441692057732824,7.807257265221275,5.12525551031467,0.6564732448546268,151.2641231646761,0.10812621860608775,0
R07,27.023079193740287,36.4950570016867,657.3707494423809,0.7028226297236188,7.799911930736445,9.471977807946416,1.2143698405902514,84.27925280180872,0.09010648273528138,1
R09,22.530397271896604,29.823496965642956,571.9321160549817,0.5518781717679282,5.444977722272899,7.293099693746353,1.3394177287289233,105.03846759840184,0.10135545082405911,0
R18,18.87393138685749,24.39609893679896,829.6950052590935,0.8860760138079191,6.338763413329522,5.5221675499414715,0.8711742637892329,130.89224997960366,0.13978688839287276,0
R09,18.31620445408429,26.300669410641994,1065.051146558481,0.7420865160817037,10.036018433358535,7.984464956557705,0.7955809377569785,106.12287667969773,0.07394232294503328,0
R12,20.887696143413333,29.6765620801251,831.5373880037035,0.5937522285594902,9.34941022205805,8.788865936711769,0.9400449576997071,88.94009015048441,0.0635069180255511,0
R32,22.14376187143775,30.46868659424138,873.7252153235598,0.755546910736199,8.834677745689213,8.32492472280363,0.9423008922838967,98.89723660264629,0.08552059650448032,0
R18,23.557821360424114,31.143348510591245,931.8764520276052,0.9362599759146812,8.88911813687572,7.585527150167131,0.8533497961624836,104.83339715801483,0.10532653087719575,0
R34,23.995264153840488,31.82381651960833,637.0729893199065,0.5462247585185334,6.348392110309867,7.828552365767841,1.2331551406621806,100.35186520462278,0.08604143364608145,0
R46,25.91730953673418,29.31169471963932,991.9750630945044,0.799798630022027,4.119796981667042,3.3943851829051397,0.8239204985124363,240.78251125207385,0.19413544734876598,0
R39,25.901703604735857,38.30884315713881,762.711516163585,0.721719551418022,11.699599988064968,12.407139552402953,1.0604755346387709,65.19124730261245,0.06168754078381011,0
R23,21.4546439368398,27.56448232253044,544.4958649258574,0.6151596123414388,4.0757778259237005,6.10983838569064,1.4990607061134293,133.59311723583886,0.15093060481088028,0
R07,20.803124838837903,26.251763330856253,787.6959489788233,0.745509881334455,5.840698938304371,5.44863849201835,0.9328743956113169,134.86330271416136,0.12764052542500778,0
R12,24.4041132021319,30.3306377708678,1083.6311174745113,0.8896825851675598,7.6267372868956675,5.9265245687359,0.7770720749643377,142.0831840289578,0.11665310495173617,0
R07,22.52442946447371,28.84097105307342,1103.257638709112,0.8579923467708621,9.131538994791905,6.316541588599712,0.6917280419217722,120.8183680032846,0.09395922716425027,0
R06,25.21309477257667,30.61548104230434,1015.7050416212204,0.9932437007858648,7.428828093150882,5.402386269727668,0.7272191793896103,136.7248008548838,0.13370126328560497,0
R06,24.41321630972783,35.5662182386899,711.2316161577834,0.7301645253213825,10.594315772924755,11.15300192896207,1.0527345199078466,67.13332237797127,0.06892040420273476,0
R02,21.152802836543646,25.641069313566607,639.061129629968,0.6448639918691073,4.130791431710826,4.488266477022961,1.086539117556967,154.70670456128352,0.15611148675255862,0
R10,19.132948055423007,21.64739214179918,687.7549509952863,0.7545677064607996,3.0665271129986373,2.514444086376173,0.8199647333029435,224.27812494465687,0.24606588451876993,0
R37,25.065866741071115,29.412917286932053,667.2987935165386,0.6584520688603124,3.612335826825027,4.347050545860938,1.2033904803589843,184.72778432204746,0.1822787527036329,0
R04,20.88614238463008,32.22971619017972,666.0798620963866,0.5062982006358935,9.719428841797836,11.343573805549642,1.1671029224235139,68.5307617287087,0.05209135319336746,0
R17,24.44056579283544,36.99271371667089,569.2125613668665,0.5049137762848939,9.31408739042648,12.552147923835452,1.3476519381530847,61.1130793073655,0.054209688520194844,0
R26,24.280626830005215,32.13962640979732,846.9730873387274,0.5685264014140777,6.997655531293539,7.858999579792108,1.12309037571893,121.03669343983294,0.08124526834332238,0
R10,21.599050781684245,23.92398674902207,1098.9160327962595,0.8758990817934664,4.407259274803876,2.324935967337826,0.5275242100298911,249.34227016747533,0.19874008475084418,0
R05,25.54537453694809,33.3196873541831,808.8606232035007,0.8611080493368231,7.6645174861984,7.774312817235014,1.0143251458730864,105.53314343140674,0.11234993603803918,0
R03,20.119202167031293,23.601394918951385,735.7708396017098,0.6164292784380472,3.460489558009283,3.482192751920092,1.006271712006926,212.62044784928548,0.17813354674379098,0
R32,18.392066718610646,30.288605871468278,608.964882149618,0.5263598831672506,8.87228359956509,11.896539152857631,1.3408655189336809,68.63676925064352,0.05932631404986335,0
R45,23.298860932406125,35.03427773024752,755.5974016883517,0.8538102928702677,10.809318881273152,11.735416797841392,1.0856758808524634,69.90240643167661,0.07898835275823628,0
R22,25.189281282432628,36.77200058322531,597.7626582914384,0.7193245092179923,8.655662618768908,11.582719300792679,1.3381666789642137,69.06030013176021,0.08310449943580421,0
R33,20.65502880798733,29.77881109750779,632.5037899523809,0.7643536599420263,7.125271314836756,9.123782289520463,1.280482087822012,88.76908148540753,0.10727362175675104,0
R30,21.437989371939864,30.474881660860483,656.1067537159648,0.648268794810131,7.492678058399974,9.036892288920619,1.2060964342101206,87.56638795929706,0.08652030552458645,0
R38,20.060992988308023,23.025332385597533,1147.442473216072,0.9385637809492507,4.309639345086232,2.9643393972895105,0.6878393201671024,266.2502314780386,0.21778244205501399,0
R28,21.187515102260942,28.153218368027712,1189.092096682224,0.9140929346617264,10.811996327055809,6.96570326576677,0.6442569027086957,109.97895862271562,0.08454432530413568,0
R38,22.925485433408603,25.01599619805866,1434.6893728036898,0.9105712123601736,6.480268049887158,2.0905107646500554,0.32259634147177874,221.3935228850097,0.14051443633971739,0
R19,20.19865723497504,28.925332768830337,836.0098329830938,0.6375494407795622,9.62328365736554,8.726675533855296,0.9068292949232571,86.87365589013085,0.06625071685293095,0
R11,22.97461047408999,25.711752669307607,1170.936915059429,0.8483444939365985,3.221799641726904,2.7371421952176185,0.8495693399948651,363.4418788475002,0.26331385817706554,0
R01,23.519192381771475,31.820473160933677,772.7314463086966,0.7695955397568165,7.628043101393798,8.301280779162202,1.0882582424901859,101.30140011499186,0.10089029775096522,0
R20,21.254118959139728,24.87879607185217,995.2318526771528,0.6811467450001024,3.359531759574849,3.624677112712444,1.078923306017845,296.2412395241354,0.20275050029183295,0
R05,23.34945709212701,31.4833283409642,1044.5995441131115,0.7318110371717249,10.724973886028325,8.133871248837188,0.75840476026085,97.39879604498952,0.06823429548160227,0
R47,24.73940221530837,35.89108490452852,803.9952519159124,0.680029950965363,11.75311412084763,11.151682689220149,0.9488279084637947,68.4069978091839,0.057859554835694854,0
R45,24.57433558629975,37.42633369796652,552.6197749137659,0.6534655364906163,9.295808318539711,12.85199811166677,1.3825584253963732,59.44827560736295,0.07029679551237454,0
R16,21.747736479352312,24.47978291735509,1194.8720352113437,0.7988411677617295,3.3581741460208727,2.7320464380027794,0.8135511498830408,355.81002748983616,0.23787961345253128,0
R43,21.06739204511017,22.738023881513,1217.1586167270425,0.8353825127215179,3.692722647072156,1.6706318364028299,0.45241194535078916,329.610082601814,0.2262240066645315,0
R46,19.60936640361883,31.92874252502717,782.0368930904282,0.6759648853658884,11.438953145549329,12.319376121408343,1.0769670934618323,68.36612434195548,0.059093247149883905,0
R08,18.12649459499507,24.73678862523196,1281.6626985772405,0.9102537521160544,11.200084512527615,6.61029403023689,0.5902003706171223,114.43330602940219,0.08127204317948758,0
R48,23.28181062758757,29.063789897234276,1180.752331855518,0.8418941004449373,8.242803996966623,5.781979269646705,0.7014578136001403,143.24644044551323,0.10213685788898497,0
R45,22.19147166773313,27.445925380649697,671.3227007748518,0.5285011937759669,4.658237864154068,5.254453712916568,1.127991714066489,144.1151612159598,0.11345517536639196,0
R14,18.73745100886367,30.646538116220626,791.6798505544169,0.7706813191980659,11.98486880913861,11.909087107356957,0.9936768851634096,66.05661381547633,0.06430452693903599,0
R28,20.83996733469263,25.900954166972625,1167.0891848717918,0.8708420644959116,8.226803991500933,5.060986832279994,0.6151826198252046,141.86422650612624,0.10585423761105453,0
R27,20.614596726743244,28.761335613304365,918.8952116851964,0.652906755641832,9.24476845688159,8.14673888656112,0.8812269257535463,99.39623863712802,0.0706244573552108,0
R42,25.73444840862463,31.002802749256272,801.7517211708183,0.5528251727244653,4.6569119102486125,5.268354340631642,1.1312978304436916,172.16381512529324,0.11871067853094784,0
R02,21.93391817585344,25.385945387184886,1201.58631931489,0.8301941261979127,3.63712292410057,3.4520272113314476,0.94910930517563,330.3672557649484,0.22825572396710037,0
R24,19.61095412046793,24.926116896500808,862.3254300826833,0.8202236369966265,5.57521538212483,5.315162776032878,0.9533555946689112,154.67123168863716,0.1471196322973306,0
R46,21.95395508312918,31.73862447617914,789.6857596393577,0.6088644498414668,9.971148748569284,9.78466939304996,0.9812981071467737,79.19706942017751,0.06106261827944649,0
R24,19.526959327306656,23.121445256200275,1055.821996321206,0.8794884159270153,4.298160190062932,3.5944859288936186,0.8362847753333711,245.6451015395373,0.20461973892000015,0
R16,23.763169968777127,30.352884971713955,990.2246809598936,0.6753888115051561,8.16536222510684,6.589715002936828,0.8070327832701389,121.2713721278834,0.08271388248135175,0
R05,20.08244308762645,24.59293372676661,1025.5750159553356,0.992044731983257,6.649245086973767,4.5104906391401585,0.6783462754255298,154.2393162743381,0.1491965958551786,0
R23,21.56719115808027,33.14150476503836,734.1281750832259,0.7289024662796033,10.497308375469627,11.574313606958093,1.1025982273708599,69.93489653011956,0.06943708236512522,0
R48,21.901590167653264,30.1406684264297,891.5153014833015,0.9534927592191218,8.90906432159687,8.239078258776434,0.9247972583163091,100.06834267905536,0.1070250168592583,0
R36,23.6689854414092,26.96769342434685,893.7088316723305,0.7604428913503396,4.712051377381238,3.2987079829376533,0.700057728311727,189.66449219172492,0.16138255516495706,0
R16,22.69668347849225,28.89005106039594,819.7774515867555,0.8977891881287932,6.80649189367402,6.19336758190369,0.9099206579030571,120.44052419259617,0.13190189632976745,0
R37,21.024589254102512,25.01743779653135,897.8812976512988,0.5834242891027888,3.878490342980924,3.9928485424288382,1.0294852350618517,231.50278027022406,0.15042561344999547,0
R41,22.845757693506663,29.86191002634719,599.1095717262148,0.614696751077191,6.293093687560268,7.016152332840527,1.1148971684164735,95.20112070006064,0.0976779913975028,0
R09,21.971320580053685,30.45814895953432,635.1429214578053,0.6708744211629636,6.823050073717677,8.486828379480635,1.2438467089918943,93.08782943047271,0.09832471019774065,0
R33,21.636216162973252,33.023511749417885,839.0313883440479,0.8433393058620647,11.870406605575203,11.387295586444633,0.9593012240285294,70.68261570332207,0.0710455280837618,0
R19,18.9793904910595,27.09245661140701,1052.7202614573737,0.9085535495833806,10.71387245648924,8.113066120347508,0.7572487121996249,98.25768093960798,0.0848016021539516,0
R12,22.74042377988348,26.428646320793906,1364.717629655815,0.8810648102251624,5.793338001973081,3.6882225409104272,0.6366316861978882,235.56671977209388,0.15208241085279187,0
R33,19.32989580914621,24.878970138292416,953.9215851506168,0.937842563793053,7.266686376970719,5.549074329146208,0.763632010696389,131.27325656625908,0.12906055320692314,0
R42,22.55659795825566,25.312178728708496,894.9234418231981,0.6876606728865069,3.2530935565013137,2.755580770452834,0.8470647162746981,275.09920212245106,0.2113866880687202,0
R16,23.637607551474527,29.889978652327784,1479.7470001743443,0.9899017676904692,11.418823420036809,6.2523711008532565,0.5475495040830662,129.58839503357294,0.08669034726935801,0
R20,23.704937286865903,31.659106652188346,968.8301798726154,0.9996751502361,10.37709302502413,7.954169365322443,0.7665122926180905,93.36238747559676,0.09633479702122795,0
R28,20.98570451445568,26.24439287462704,767.4546992608416,0.5419812817233634,5.131178269105622,5.258688360171359,1.024850060625152,149.5669530488971,0.10562511245937128,0
R33,21.10239239767444,29.825808287128808,559.6345887380553,0.5500774987533834,5.69480812322796,8.723415889454369,1.531819106226483,98.2710175002069,0.09659280643885604,0
R30,25.72197408036722,29.647183613245154,794.2781430552894,0.6997161395154272,3.832756989300473,3.9252095328779326,1.0241216815560052,207.23415162312583,0.1825620934144156,0
R39,22.418940167295546,32.105562212854856,933.3506706243774,0.9104245046315644,11.875591175553254,9.68662204555931,0.8156749337666582,78.59403854738161,0.07666351015061362,0
R02,22.317663879457783,27.368327409089176,774.7271364049793,0.6529474066307599,5.193373907139084,5.050663529631393,0.9725206811488166,149.17607517918145,0.12572701644554884,0
R43,22.44957380546432,26.69288139311373,1051.7322645830518,0.876423737545692,6.247256802402023,4.2433075876494115,0.6792273347908304,168.35105356620983,0.14028937264251948,0
R03,24.74956819794046,33.529098252596214,1071.134655996936,0.7372667813112204,11.966020437401747,8.779530054655755,0.7337050860463101,89.51469384499212,0.06161336470784998,0
R49,19.67228456448035,30.288969821796947,905.432549139792,0.705471276175055,10.979358973521585,10.616685257316597,0.9669676784337199,82.46679531322202,0.0642543228503966,0
R21,21.220268752413062,30.57655124588482,676.4243508939197,0.5144005902732594,8.640934674754996,9.356282493471756,1.0827859306478373,78.28138695112852,0.0595306653313919,0
R43,24.88389001160378,34.31010009108559,795.2013044053476,0.6600080565436959,9.62431860383459,9.426210079481809,0.9794158389276671,82.62416666968171,0.0685771204914944,0
R08,24.036419169105397,28.526647141249903,1270.1125236010578,0.97274743027975,9.208121225815797,4.490227972144506,0.4876377995063475,137.93394900581706,0.10564016333240325,0
R50,25.334764685877232,27.63870685167397,977.7090338399606,0.7113433098287129,3.067168263754975,2.3039421657967374,0.7511626254818314,318.76602447724935,0.2319218408180359,0
R47,20.40209045576467,33.949670382739704,651.5597660041456,0.6914515070186229,11.840304548429534,13.547579926975033,1.14419184671833,55.02897018730542,0.05839811840906872,0
R05,22.08280390042821,27.75247168734887,1111.2686824569262,0.7988162199344502,8.203965431009605,5.669667786920659,0.6910886978497339,135.45506643123068,0.09736952534137451,0
R33,17.965322403755177,24.09461253671264,783.6350357246115,0.6021282339681981,7.391101757513717,6.129290132957461,0.8292796302968619,106.02411676012665,0.08146664106688571,0
R38,23.58851335632414,27.479245474874645,1423.7377689009472,0.934479552510448,5.618994506081968,3.890732118550506,0.6924249728913597,253.37945558763252,0.16630725506119867,0
R17,22.73419168346772,28.683144775703987,954.218376599783,0.6229092935112873,7.1754263710940185,5.948953092236266,0.829073114902473,132.98420571129014,0.08681146754158861,0
R39,19.660213948749423,26.931918950240966,1243.312840734433,0.8185429444273578,11.414037418990578,7.271705001491544,0.6370843843032215,108.92840062586615,0.07171370781258112,0
R25,20.868847264252015,27.324359520558467,1029.0082299280698,0.7234370976002195,8.606586397650435,6.455512256306452,0.7500665139513132,119.56055309094266,0.08405621743339671,0
R02,21.41041509845494,26.657136832903632,1494.736743065772,0.9667902280033448,10.67815354719213,5.246721734448691,0.4913510291138622,139.98082500497665,0.09053908278529735,0
R42,20.152786074782416,31.329090784492028,856.802691668806,0.8332036523474595,11.861183067385015,11.176304709709612,0.9422588494094969,72.23585428208905,0.07024625179578756,0
R39,21.64269576193561,23.70703679332745,1541.8976627650256,0.9811064550579724,5.757981028952187,2.064341031391841,0.35851820647062826,267.78442912751547,0.17039070641684798,0
R01,21.5373981141406,27.18019980366073,1222.1561322940624,0.8072497301275963,9.060777560202894,5.64280168952013,0.6227723450915148,134.88424411411057,0.08909276546785902,0
R45,22.79570401553864,30.422741996405097,748.6832397656008,0.6103495373926675,6.662085882515651,7.627037980866458,1.144842338475894,112.3797040399144,0.09161538115179553,0
R15,19.45717763565185,29.480670374306182,503.432553352864,0.6171625328252635,6.700145504334413,10.023492738654333,1.4960112033641662,75.13755530043143,0.09211181047128197,0
R23,22.62299213737689,31.34005190354296,1046.457625730557,0.9290694625133272,11.981797100024345,8.71705976616607,0.7275252362726422,87.33728479915845,0.07754007639734106,0
R18,23.154727050213324,27.033476799331208,1281.9475627888933,0.8848657091484401,6.318526399237614,3.8787497491178833,0.6138693587773707,202.88711034642057,0.14004305010978618,0
R06,24.419898517117424,38.67954645605006,448.3108040967811,0.5185566599811511,7.682087644536229,14.259647938932638,1.8562204180363135,58.357939253092944,0.06750204943964247,0
R03,22.819272237367983,32.6944745302914,860.482139887302,0.8956553571563335,10.429813573683742,9.875202292923419,0.9468244300972258,82.5021592004722,0.08587453177650556,0
R09,22.762722562716903,35.08246168131964,741.6470727401385,0.5914465265343343,11.46788640745238,12.31973911860274,1.0742815790882605,64.67164448526285,0.051574152857843454,0
R39,22.07525264769004,30.772979710071304,797.4529967705747,0.5084845646577332,8.80635074970813,8.697727062381265,0.9876653008250363,90.55430784391648,0.05774066683348786,0
R35,23.71219170846001,27.21118966476053,858.3275003113251,0.7996792935679014,3.4456136673206417,3.498997956300517,1.0154934052781919,249.10729500872128,0.23208617412692797,0
R20,19.622073160930075,26.501400340980965,1061.363114550276,0.7516102074293172,9.159918249623768,6.87932718005089,0.7510249537798495,115.87036975945391,0.08205424840556721,0
R33,20.49543999096968,27.532671771979235,902.4695116475924,0.9299703570917046,7.828730475541034,7.037231781009556,0.8988982061645469,115.27661023292845,0.11878942058321856,0
R35,23.536667984580628,32.00775378920843,698.1706018403175,0.5364492259358276,7.665289170017886,8.471085804627801,1.1051227966404347,91.08209571155533,0.0699842124722577,0
R03,23.25293218355517,30.823947527092443,933.5778173437928,0.9672101084212568,8.600726811666236,7.5710153435372725,0.8802762265704989,108.5463865771745,0.1124567876181475,0
R24,24.207867093403813,33.48523800748447,673.83808062105,0.7731238000654255,7.922239624138117,9.277370914080656,1.1710540647891559,85.05651338391053,0.09758904511166383,0
R39,21.799256455445487,28.293490729683807,1353.4555461354528,0.9587724472981723,11.667847178080224,6.49423427423832,0.5565923323403394,115.99873785441063,0.08217218075150728,0
R40,24.36850683206293,34.68140694694568,714.9374401758826,0.5505828098065516,9.479971223647016,10.312900114882748,1.0878619640909941,75.41557071318205,0.058078531761063534,0
R36,23.41907234145288,28.32941832173123,672.7875236338573,0.6370820188361501,3.869765257483843,4.9103459802783505,1.2689002183742544,173.85745099983401,0.16463066270081372,0
R18,19.633887630531223,31.532614214870847,718.4541548945768,0.796787627207149,10.79936119735953,11.898726584339624,1.1017991126409301,66.52746785339865,0.073780996176141,0
R18,17.57165253365269,22.199785653716027,1172.1863460677234,0.9265879061289002,7.079407146795192,4.628133120063339,0.6537458609310907,165.57690803224472,0.13088495786661478,0
R14,24.166425643863803,29.33831209692288,1138.7760574425702,0.7921979607947287,7.763407033292312,5.171886453059077,0.6661877228490207,146.6850897497818,0.1020425642243793,0
R46,22.26469539901749,25.22742404093461,987.1592737413276,0.7770938255023956,3.498896900471105,2.9627286419171206,0.8467607723789196,282.1344274558112,0.22209680582407693,0
R19,20.533462632391647,24.237464331114637,1066.6733263711096,0.8969775423577953,5.145034895651973,3.7040016987229905,0.7199177019874466,207.32091190917802,0.1743384759383894,0
R10,21.598530163996017,31.093912467035988,786.9658842146097,0.5531329523961979,9.95850922572263,9.495382303039971,0.9534943521981774,79.02446705395347,0.05554375056132564,0
R49,17.8992850854316,21.51537899260807,817.2319762901641,0.6615726086397087,3.3164332524407474,3.61609390717647,1.09035630508022,246.41894290763057,0.19948316709007205,0
R49,21.978644271466717,31.959443592872574,679.3217947150746,0.664380063777225,9.051256721389748,9.980799321405858,1.1026976284762129,75.0527595919045,0.07340196883457911,0
R27,21.88611908255041,31.260711720441417,824.5563730443539,0.6029940920942366,9.835681338452495,9.374592637891006,0.953120817491426,83.83317277886579,0.06130679424686497,0
R06,22.315509742320536,26.03678495297484,1340.5256136675168,0.8613843380053978,5.5748092982813455,3.721275210654305,0.6675161447767433,240.4612502316064,0.1545136868217095,0
R45,24.640828019567667,33.70794993094642,898.3587793235238,0.5990981932108341,10.672883803879504,9.067121911378752,0.8495475148040991,84.1720753107963,0.05613273827576638,0
R24,18.833625342060607,24.67757340607298,649.8851155713039,0.6408986751982462,4.700870939740576,5.843948064012373,1.2431628391684542,138.24781065084264,0.13633615630247764,0
R48,21.78841922429657,24.763264015587293,1098.6412359204671,0.7916380985695484,4.113217655523846,2.974844791290721,0.7232403048974694,267.1001945265519,0.19246200052322002,0
R46,21.243296234800468,25.15976994796831,1129.6449255645323,0.8511993605402993,5.427682192863903,3.916473713167843,0.7215738825528628,208.12657879080388,0.15682557126491706,0
R28,22.101072685585823,24.530559471486526,1441.4301575817726,0.9997303405298366,3.0352653745598395,2.4294867859007034,0.8004198928579734,474.8942776678307,0.3293716420676439,0
R23,22.569866139369623,25.507094131813684,1058.9406735795812,0.7940630327339274,4.036402086625833,2.937227992444061,0.7276846878501617,262.34766776289774,0.19672545392961877,0
R43,23.371179492596838,29.88979098947892,448.8824545098319,0.5090145044794561,3.697352638999344,6.518611496882084,1.7630483573907325,121.40644897515591,0.13766999098501365,0
R23,22.642752638162914,31.84358112017289,902.124557103926,0.7664235661416299,10.645179869356998,9.200828482009975,0.8643187428420346,84.74488624666303,0.07199723964719858,0
R50,23.038124447209853,24.870301306454238,1119.2951790455609,0.7018129476349486,3.247235062616864,1.8321768592443846,0.5642267418016483,344.69176313449555,0.21612631488075132,0
R03,20.64561952469341,26.325340309588285,504.8159124509026,0.531453738009012,3.452906396411976,5.679720784894876,1.6449101518641955,146.2002888278329,0.15391489863764113,0
R22,23.097943834122933,30.878113739282256,781.4639357085223,0.9615869943096323,7.441319982655899,7.7801699051593225,1.0455362655138078,105.0168434538422,0.12922263745557008,0
